customer_id,country,total_orders,total_revenue,first_purchase,last_purchase,days_inactive,churn_risk,value_segment
18102,"United Kingdom",145,608821.65,2009-12-01,2011-12-09,0,Active,"High Value"
14646,Netherlands,151,528602.52,2009-12-02,2011-12-08,1,Active,"High Value"
14156,EIRE,156,313946.37,2009-12-01,2011-11-30,9,Active,"High Value"
14911,EIRE,398,295972.63,2009-12-01,2011-12-08,1,Active,"High Value"
17450,"United Kingdom",51,246973.09,2010-09-27,2011-12-01,8,Active,"High Value"
13694,"United Kingdom",143,196482.81,2009-12-04,2011-12-06,3,Active,"High Value"
17511,"United Kingdom",60,175603.55,2009-12-02,2011-12-07,2,Active,"High Value"
16446,"United Kingdom",2,168472.5,2011-05-18,2011-12-09,0,Active,"High Value"
16684,"United Kingdom",55,147142.77,2009-12-07,2011-12-05,4,Active,"High Value"
12415,Australia,28,144458.37,2010-06-30,2011-11-15,24,"Low Risk","High Value"
15061,"United Kingdom",127,137818.52,2009-12-01,2011-12-06,3,Active,"High Value"
16029,"United Kingdom",107,122209.14,2009-12-08,2011-11-01,38,"Low Risk","High Value"
17949,"United Kingdom",118,118628.08,2009-12-02,2011-12-08,1,Active,"High Value"
15311,"United Kingdom",208,116771.16,2009-12-01,2011-12-09,0,Active,"High Value"
13089,"United Kingdom",203,116737.86,2009-12-02,2011-12-07,2,Active,"High Value"
12931,"United Kingdom",57,92347.34,2009-12-01,2011-11-18,21,"Low Risk","High Value"
14298,"United Kingdom",82,91194.49,2009-12-11,2011-12-01,8,Active,"High Value"
15769,"United Kingdom",46,88704.32,2009-12-11,2011-12-02,7,Active,"High Value"
12346,"United Kingdom",12,77556.46,2009-12-14,2011-01-18,325,"High Risk","High Value"
13798,"United Kingdom",110,75836.87,2009-12-08,2011-12-08,1,Active,"High Value"
15838,"United Kingdom",34,74163,2009-12-15,2011-11-28,11,Active,"High Value"
17841,"United Kingdom",211,70884.07,2009-12-02,2011-12-08,1,Active,"High Value"
16754,"United Kingdom",29,67502.47,2010-03-08,2010-12-02,372,"High Risk","High Value"
14096,"United Kingdom",17,65164.79,2011-08-30,2011-12-05,4,Active,"High Value"
14088,"United Kingdom",16,64036.8,2010-10-14,2011-11-29,10,Active,"High Value"
16422,"United Kingdom",109,63651.47,2010-01-12,2011-11-22,17,Active,"High Value"
13081,"United Kingdom",28,59205.15,2009-12-08,2011-11-28,11,Active,"High Value"
16013,"United Kingdom",84,57446.44,2009-12-08,2011-12-06,3,Active,"High Value"
14680,"United Kingdom",58,57412.77,2009-12-04,2011-11-14,25,"Low Risk","High Value"
17389,"United Kingdom",61,57224.68,2009-12-04,2011-12-09,0,Active,"High Value"
17850,"United Kingdom",155,56600.08,2009-12-05,2010-12-02,372,"High Risk","High Value"
12748,"United Kingdom",336,56599.39,2009-12-04,2011-12-09,0,Active,"High Value"
13777,"United Kingdom",61,56478.42,2009-12-02,2011-12-09,0,Active,"High Value"
13093,"United Kingdom",55,54943.65,2009-12-04,2011-03-09,275,"High Risk","High Value"
13408,"United Kingdom",106,51733.46,2009-12-04,2011-12-08,1,Active,"High Value"
17404,Sweden,23,47781.12,2010-01-07,2011-12-05,4,Active,"High Value"
13881,"United Kingdom",43,45179.1,2010-03-04,2011-12-06,3,Active,"High Value"
15749,"United Kingdom",3,44534.3,2011-01-11,2011-04-18,235,"High Risk","High Value"
16705,"United Kingdom",42,43515.05,2009-12-09,2011-12-09,0,Active,"High Value"
14031,"United Kingdom",44,40999.17,2009-12-03,2011-12-02,7,Active,"High Value"
15039,"United Kingdom",93,40031.43,2009-12-10,2011-11-30,9,Active,"High Value"
17381,"United Kingdom",38,40002.37,2010-06-09,2011-12-01,8,Active,"High Value"
12471,Germany,79,39963.79,2009-12-07,2011-12-07,2,Active,"High Value"
15098,"United Kingdom",3,39916.5,2011-06-10,2011-06-10,182,"High Risk","High Value"
16210,"United Kingdom",35,38489.51,2009-12-02,2011-12-08,1,Active,"High Value"
17675,"United Kingdom",70,38259.6,2009-12-10,2011-12-08,1,Active,"High Value"
17677,"United Kingdom",54,36692.91,2009-12-16,2011-12-08,1,Active,"High Value"
12921,"United Kingdom",74,35921.04,2009-12-01,2011-11-30,9,Active,"High Value"
13767,"United Kingdom",73,35540.53,2009-12-01,2011-12-07,2,Active,"High Value"
12678,France,21,34281.18,2010-01-07,2011-10-28,42,"Low Risk","High Value"
15856,"United Kingdom",52,34220.34,2009-12-03,2011-12-05,4,Active,"High Value"
13902,Denmark,5,34095.26,2009-12-15,2010-03-17,632,"High Risk","High Value"
16779,"United Kingdom",53,33268.24,2009-12-03,2011-12-07,2,Active,"High Value"
14258,"United Kingdom",25,32051.34,2009-12-04,2011-11-30,9,Active,"High Value"
17428,"United Kingdom",45,31819.76,2009-12-01,2011-12-09,0,Active,"High Value"
12709,Germany,34,31093.34,2009-12-09,2011-11-24,15,Active,"High Value"
12681,France,45,30868.28,2009-12-13,2011-11-25,14,Active,"High Value"
14606,"United Kingdom",192,30861.06,2009-12-03,2011-12-08,1,Active,"High Value"
17940,"United Kingdom",16,30393.19,2009-12-03,2011-10-21,49,"Medium Risk","High Value"
13078,"United Kingdom",57,29532.45,2009-12-01,2011-12-06,3,Active,"High Value"
13098,"United Kingdom",28,28882.44,2011-01-26,2011-12-08,1,Active,"High Value"
17857,"United Kingdom",24,28682.24,2010-03-08,2011-12-05,4,Active,"High Value"
14527,"United Kingdom",122,27792.3,2009-12-02,2011-12-07,2,Active,"High Value"
15513,"United Kingdom",35,27750.55,2010-01-13,2011-11-06,33,"Low Risk","High Value"
16333,"United Kingdom",22,26626.8,2011-02-03,2011-12-02,7,Active,"High Value"
17865,"United Kingdom",46,26374.39,2009-12-01,2011-11-09,30,"Low Risk","High Value"
18251,"United Kingdom",9,26278.86,2009-12-22,2011-09-13,87,"Medium Risk","High Value"
13802,"United Kingdom",19,26259.11,2010-02-16,2011-07-24,138,"High Risk","High Value"
15498,"United Kingdom",44,26039.58,2009-12-16,2011-12-07,2,Active,"High Value"
12731,France,17,25775.71,2010-03-02,2011-11-16,23,"Low Risk","High Value"
14062,"United Kingdom",24,25604.2,2009-12-10,2011-11-30,9,Active,"High Value"
12744,Singapore,11,25317.06,2010-04-27,2011-10-19,51,"Medium Risk","High Value"
12939,"United Kingdom",20,25264.8,2010-01-12,2011-10-06,64,"Medium Risk","High Value"
14895,"United Kingdom",38,25119.54,2009-12-10,2011-12-02,7,Active,"High Value"
12621,Germany,35,24775.81,2010-02-09,2011-12-08,1,Active,"High Value"
16525,"United Kingdom",48,24582.64,2009-12-02,2011-12-07,2,Active,"High Value"
17920,"United Kingdom",54,24516.46,2009-12-06,2011-12-05,4,Active,"High Value"
13001,"United Kingdom",33,24172.1,2009-12-03,2011-12-05,4,Active,"High Value"
14607,"United Kingdom",22,24137.63,2009-12-15,2011-11-24,15,Active,"High Value"
12682,France,52,24033.91,2009-12-01,2011-12-06,3,Active,"High Value"
15640,"United Kingdom",29,23957.58,2009-12-14,2011-12-05,4,Active,"High Value"
12482,Sweden,29,23691.4,2010-02-24,2010-05-12,576,"High Risk","High Value"
12409,Switzerland,7,23419.29,2010-05-23,2011-09-22,78,"Medium Risk","High Value"
16133,"United Kingdom",56,22992.26,2010-03-31,2011-12-06,3,Active,"High Value"
14063,"United Kingdom",9,22710.2,2009-12-08,2010-09-27,438,"High Risk","High Value"
14051,"United Kingdom",37,22434,2009-12-03,2011-12-09,0,Active,"High Value"
17340,"United Kingdom",18,22404.82,2010-02-14,2011-11-10,29,"Low Risk","High Value"
16839,"United Kingdom",44,22310.49,2010-02-11,2011-12-01,8,Active,"High Value"
12540,Spain,33,22254.49,2009-12-07,2011-11-20,19,Active,"High Value"
15159,"United Kingdom",34,22116.73,2010-10-04,2011-12-08,1,Active,"High Value"
13340,"United Kingdom",12,22100.56,2010-02-22,2011-10-25,45,"Low Risk","High Value"
13319,"United Kingdom",58,22082.5,2009-12-06,2011-12-04,5,Active,"High Value"
14667,"United Kingdom",54,21927.14,2009-12-02,2011-11-29,10,Active,"High Value"
12753,Japan,6,21429.39,2010-12-12,2011-11-17,22,"Low Risk","High Value"
15615,"United Kingdom",47,21373.97,2009-12-02,2011-11-29,10,Active,"High Value"
17243,"United Kingdom",69,20889.86,2009-12-01,2011-12-08,1,Active,"High Value"
14866,"United Kingdom",19,20850.22,2010-08-26,2011-11-29,10,Active,"High Value"
17706,"United Kingdom",31,20749.98,2010-01-19,2011-12-05,4,Active,"High Value"
12433,Norway,10,20581.26,2010-08-20,2011-12-09,0,Active,"High Value"
15251,"United Kingdom",21,20324.54,2010-01-29,2011-11-30,9,Active,"High Value"
12477,Germany,9,20276.37,2010-03-26,2011-11-17,22,"Low Risk","High Value"
18008,"United Kingdom",23,19787.13,2010-01-06,2011-09-30,70,"Medium Risk","High Value"
17139,"United Kingdom",25,19584.46,2010-01-11,2011-11-24,15,Active,"High Value"
16843,"United Kingdom",35,19571.43,2009-12-10,2011-10-28,42,"Low Risk","High Value"
17581,"United Kingdom",43,18757.75,2009-12-03,2011-12-09,0,Active,"High Value"
12557,Spain,8,18716.14,2009-12-17,2011-11-23,16,Active,"High Value"
14194,"United Kingdom",36,18670.59,2010-01-06,2011-12-05,4,Active,"High Value"
13113,"United Kingdom",37,18625.73,2010-03-28,2011-12-09,0,Active,"High Value"
15808,"United Kingdom",21,18409.93,2009-12-01,2011-02-06,306,"High Risk","High Value"
17377,"United Kingdom",78,18319.41,2009-12-02,2011-11-16,23,"Low Risk","High Value"
12357,Switzerland,3,18287.66,2010-11-16,2011-11-06,33,"Low Risk","High Value"
16746,"United Kingdom",42,18066.4,2009-12-04,2011-12-05,4,Active,"High Value"
12647,Germany,36,17924.35,2010-01-13,2011-11-17,22,"Low Risk","High Value"
12472,Germany,19,17880.59,2009-12-14,2011-11-07,32,"Low Risk","High Value"
15078,"United Kingdom",53,17761.88,2009-12-04,2011-12-02,7,Active,"High Value"
12901,"United Kingdom",28,17654.54,2011-03-14,2011-12-01,8,Active,"High Value"
14952,"United Kingdom",32,17629.35,2009-12-03,2011-10-11,59,"Medium Risk","High Value"
16652,"United Kingdom",16,17550.39,2010-03-17,2011-10-12,58,"Medium Risk","High Value"
15189,"United Kingdom",46,17524.38,2010-07-18,2011-12-08,1,Active,"High Value"
18172,"United Kingdom",52,17479.84,2009-12-11,2011-11-25,14,Active,"High Value"
16019,"United Kingdom",27,17465.85,2009-12-14,2011-10-24,46,"Medium Risk","High Value"
15523,"United Kingdom",16,17359.99,2009-12-02,2011-09-16,84,"Medium Risk","High Value"
13027,"United Kingdom",19,17335.2,2010-01-20,2011-08-18,113,"High Risk","High Value"
17416,"United Kingdom",22,17298.45,2009-12-14,2011-11-10,29,"Low Risk","High Value"
13564,"United Kingdom",37,17249.55,2009-12-02,2011-07-18,144,"High Risk","High Value"
17735,"United Kingdom",26,17244.93,2010-07-30,2011-12-07,2,Active,"High Value"
14277,France,9,17225.81,2009-12-13,2011-11-24,15,Active,"High Value"
15358,"United Kingdom",42,17050.41,2009-12-07,2011-12-05,4,Active,"High Value"
15125,"United Kingdom",24,17024.87,2010-03-31,2011-11-14,25,"Low Risk","High Value"
16656,"United Kingdom",30,16833.17,2009-12-04,2011-11-17,22,"Low Risk","High Value"
12454,Spain,5,16679.78,2010-10-14,2011-10-14,56,"Medium Risk","High Value"
16553,"United Kingdom",33,16644.01,2010-02-11,2011-06-29,163,"High Risk","High Value"
13199,"United Kingdom",67,16432.89,2009-12-05,2011-12-06,3,Active,"High Value"
14961,"United Kingdom",22,16410.15,2009-12-04,2011-11-29,10,Active,"High Value"
13225,"United Kingdom",16,16260.07,2009-12-17,2011-12-06,3,Active,"High Value"
16180,"United Kingdom",13,16249.87,2010-06-23,2011-08-31,100,"High Risk","High Value"
12980,"United Kingdom",21,16245.78,2009-12-02,2011-07-05,157,"High Risk","High Value"
15044,"United Kingdom",35,16204.33,2009-12-16,2011-11-20,19,Active,"High Value"
14733,"United Kingdom",15,16184.97,2010-11-02,2011-11-23,16,Active,"High Value"
18092,"United Kingdom",18,16179.44,2009-12-04,2011-12-07,2,Active,"High Value"
17107,"United Kingdom",10,16075.42,2010-01-31,2011-11-06,33,"Low Risk","High Value"
12971,"United Kingdom",116,15972.79,2009-12-15,2011-12-06,3,Active,"High Value"
17716,"United Kingdom",24,15956.97,2009-12-02,2011-11-17,22,"Low Risk","High Value"
14769,"United Kingdom",17,15771.88,2009-12-16,2011-12-07,2,Active,"High Value"
14849,"United Kingdom",43,15763.45,2010-01-10,2011-11-18,21,"Low Risk","High Value"
16191,"United Kingdom",24,15688.02,2009-12-11,2011-12-07,2,Active,"High Value"
15768,"United Kingdom",34,15601.09,2009-12-03,2011-08-16,115,"High Risk","High Value"
13488,"United Kingdom",23,15587.88,2010-01-25,2011-11-22,17,Active,"High Value"
12949,"United Kingdom",22,15526.7,2009-12-03,2011-11-09,30,"Low Risk","High Value"
15601,"United Kingdom",30,14960.12,2009-12-01,2011-11-28,11,Active,"High Value"
14543,"United Kingdom",39,14906.77,2009-12-01,2011-11-11,28,"Low Risk","High Value"
18087,"United Kingdom",17,14761.52,2009-12-01,2011-09-02,98,"High Risk","High Value"
16126,"United Kingdom",15,14646.8,2009-12-02,2011-11-10,29,"Low Risk","High Value"
17133,"United Kingdom",12,14622.33,2010-03-21,2011-11-24,15,Active,"High Value"
16873,"United Kingdom",12,14617.39,2010-02-09,2011-12-05,4,Active,"High Value"
15482,"United Kingdom",19,14592.56,2009-12-02,2011-11-24,15,Active,"High Value"
16713,"United Kingdom",32,14560.69,2009-12-15,2011-11-21,18,Active,"High Value"
17448,"United Kingdom",46,14556.97,2010-03-04,2010-07-30,497,"High Risk","High Value"
14299,"United Kingdom",27,14499.49,2009-12-02,2011-12-01,8,Active,"High Value"
12583,France,27,14447.44,2009-12-06,2011-12-07,2,Active,"High Value"
15093,"United Kingdom",23,14326.11,2009-12-08,2011-11-21,18,Active,"High Value"
12476,Germany,23,14115.41,2010-07-26,2011-11-24,15,Active,"High Value"
17017,"United Kingdom",29,14110.61,2009-12-03,2011-12-07,2,Active,"High Value"
15005,"United Kingdom",56,14106.2,2009-12-01,2011-11-24,15,Active,"High Value"
13090,"United Kingdom",24,14103.09,2010-08-02,2011-12-01,8,Active,"High Value"
12714,France,12,14093.71,2009-12-04,2011-11-30,9,Active,"High Value"
13178,"United Kingdom",21,14059.19,2009-12-16,2011-11-13,26,"Low Risk","High Value"
17589,"United Kingdom",18,14049.87,2010-03-07,2011-10-10,60,"Medium Risk","High Value"
18223,"United Kingdom",26,14000.85,2009-12-04,2011-12-05,4,Active,"High Value"
15502,"United Kingdom",14,13993.47,2010-06-03,2011-11-24,15,Active,"High Value"
12435,Denmark,6,13925.93,2009-12-02,2011-09-21,79,"Medium Risk","High Value"
15760,Norway,2,13916.34,2010-03-19,2010-03-19,630,"High Risk","High Value"
16558,"United Kingdom",38,13873.51,2009-12-03,2011-12-09,0,Active,"High Value"
15291,"United Kingdom",40,13846.56,2009-12-03,2011-11-14,25,"Low Risk","High Value"
15032,"United Kingdom",8,13780.65,2009-12-10,2011-03-28,256,"High Risk","High Value"
15382,"United Kingdom",12,13733.55,2009-12-04,2011-11-25,14,Active,"High Value"
12567,France,15,13709.86,2010-02-11,2011-11-17,22,"Low Risk","High Value"
12989,"United Kingdom",33,13551.75,2009-12-10,2011-12-06,3,Active,"High Value"
13468,"United Kingdom",72,13390.51,2009-12-03,2011-12-08,1,Active,"High Value"
13097,"United Kingdom",28,13389.22,2009-12-01,2011-11-07,32,"Low Risk","High Value"
16923,"United Kingdom",32,13378.36,2010-01-31,2011-11-27,12,Active,"High Value"
15738,"United Kingdom",41,13372.97,2009-12-10,2011-11-21,18,Active,"High Value"
13629,"United Kingdom",19,13370.86,2010-02-11,2011-11-16,23,"Low Risk","High Value"
13969,"United Kingdom",35,13365.87,2010-03-25,2011-12-02,7,Active,"High Value"
14049,"United Kingdom",13,13239.03,2010-04-01,2011-11-23,16,Active,"High Value"
13316,"United Kingdom",10,13191.57,2010-03-10,2011-11-02,37,"Low Risk","High Value"
16549,"United Kingdom",34,13182.19,2010-03-28,2011-11-29,10,Active,"High Value"
13668,"United Kingdom",35,13089.94,2009-12-11,2011-12-07,2,Active,"High Value"
18225,"United Kingdom",26,13054.26,2009-12-04,2011-12-06,3,Active,"High Value"
14110,"United Kingdom",33,12987.95,2009-12-01,2011-12-06,3,Active,"High Value"
16161,"United Kingdom",43,12831.8,2010-02-08,2011-12-08,1,Active,"High Value"
13952,"United Kingdom",14,12823.52,2009-12-16,2011-05-06,217,"High Risk","High Value"
17858,"United Kingdom",30,12797.65,2009-12-06,2011-12-04,5,Active,"High Value"
12683,France,21,12696.78,2009-12-13,2011-12-05,4,Active,"High Value"
12437,France,39,12683.4,2009-12-02,2011-12-08,1,Active,"High Value"
12451,Switzerland,8,12669.88,2010-06-28,2011-11-29,10,Active,"High Value"
15465,"United Kingdom",32,12655.65,2009-12-10,2011-11-20,19,Active,"High Value"
14040,"United Kingdom",35,12645.57,2009-12-01,2011-10-30,40,"Low Risk","High Value"
13013,"United Kingdom",29,12625.77,2009-12-14,2011-12-08,1,Active,"High Value"
12536,France,3,12601.83,2011-10-11,2011-10-27,43,"Low Risk","High Value"
16814,"United Kingdom",36,12499.71,2010-04-11,2011-11-25,14,Active,"High Value"
15194,"United Kingdom",28,12427.69,2009-12-03,2011-12-06,3,Active,"High Value"
12474,Germany,31,12424.45,2010-02-11,2011-11-22,17,Active,"High Value"
14936,"Channel Islands",12,12410.81,2010-05-05,2011-11-06,33,"Low Risk","High Value"
16000,"United Kingdom",3,12393.7,2011-12-07,2011-12-07,2,Active,"High Value"
12481,Germany,15,12361.39,2010-04-11,2011-11-17,22,"Low Risk","High Value"
13050,"United Kingdom",35,12344.53,2009-12-15,2011-11-25,14,Active,"High Value"
14739,"United Kingdom",25,12287.5,2009-12-02,2011-12-05,4,Active,"High Value"
13854,"United Kingdom",39,12253.96,2010-01-08,2011-12-01,8,Active,"High Value"
14735,"United Kingdom",56,12240.16,2009-12-04,2011-12-06,3,Active,"High Value"
13418,"United Kingdom",31,12233.6,2009-12-11,2011-11-28,11,Active,"High Value"
15023,"United Kingdom",20,12170.68,2010-02-03,2011-12-06,3,Active,"High Value"
15144,"United Kingdom",29,12160.31,2009-12-13,2011-12-01,8,Active,"High Value"
17338,"United Kingdom",17,12142.57,2010-03-10,2011-11-22,17,Active,"High Value"
15555,"United Kingdom",36,12112.35,2009-12-06,2011-11-27,12,Active,"High Value"
14415,"United Kingdom",23,12091.6,2009-12-16,2011-12-08,1,Active,"High Value"
17364,"United Kingdom",28,12070.42,2009-12-07,2011-12-09,0,Active,"High Value"
14505,"United Kingdom",19,12001.84,2009-12-09,2011-11-22,17,Active,"High Value"
17044,"United Kingdom",12,11962.3,2009-12-07,2011-11-14,25,"Low Risk","High Value"
13458,"United Kingdom",16,11959.27,2010-11-16,2011-12-02,7,Active,"High Value"
16258,"United Kingdom",15,11942.52,2010-03-10,2011-10-25,45,"Low Risk","High Value"
16523,"United Kingdom",28,11916.33,2010-01-24,2011-12-08,1,Active,"High Value"
13687,"United Kingdom",1,11880.84,2010-09-27,2010-09-27,438,"High Risk","High Value"
18226,"United Kingdom",26,11878.88,2010-03-05,2011-10-26,44,"Low Risk","High Value"
12705,Germany,14,11762.1,2010-06-24,2011-11-24,15,Active,"High Value"
14426,"United Kingdom",17,11727.94,2010-03-04,2011-11-16,23,"Low Risk","High Value"
13102,"United Kingdom",37,11696.92,2010-05-06,2011-12-08,1,Active,"High Value"
13004,"United Kingdom",36,11650.85,2009-12-15,2011-11-28,11,Active,"High Value"
13576,"United Kingdom",28,11551.74,2009-12-08,2011-11-29,10,Active,"High Value"
15218,"United Kingdom",22,11516.57,2010-01-26,2011-11-29,10,Active,"High Value"
12668,Germany,10,11444.68,2010-01-31,2011-11-28,11,Active,"High Value"
13680,"United Kingdom",12,11435.67,2009-12-04,2011-12-08,1,Active,"High Value"
14016,EIRE,11,11403.41,2010-01-08,2011-07-01,161,"High Risk","High Value"
17809,"United Kingdom",20,11337.39,2009-12-02,2011-11-23,16,Active,"High Value"
14045,"United Kingdom",16,11313.03,2010-01-08,2011-08-22,109,"High Risk","High Value"
15874,"United Kingdom",21,11284.76,2010-01-07,2011-10-07,63,"Medium Risk","High Value"
12539,Spain,7,11214.75,2009-12-23,2011-11-17,22,"Low Risk","High Value"
18055,"United Kingdom",14,11195.57,2010-10-22,2011-12-02,7,Active,"High Value"
12524,Germany,17,11126.11,2010-02-08,2011-11-30,9,Active,"High Value"
14134,"United Kingdom",15,11123.35,2009-12-10,2010-11-22,382,"High Risk","High Value"
13941,"United Kingdom",15,11122.3,2009-12-16,2011-11-18,21,"Low Risk","High Value"
12918,"United Kingdom",1,10953.5,2010-03-23,2010-03-23,626,"High Risk","High Value"
16985,"United Kingdom",23,10923.16,2009-12-10,2011-11-22,17,Active,"High Value"
14796,"United Kingdom",27,10889.64,2009-12-14,2011-12-08,1,Active,"High Value"
18052,"United Kingdom",1,10877.18,2010-05-24,2010-05-24,564,"High Risk","High Value"
16033,"United Kingdom",27,10836.13,2010-08-11,2011-12-04,5,Active,"High Value"
15694,"United Kingdom",24,10810.81,2009-12-07,2011-12-09,0,Active,"High Value"
18229,"United Kingdom",28,10803.71,2009-12-03,2011-11-28,11,Active,"High Value"
16984,"United Kingdom",9,10754.8,2010-03-07,2011-09-12,88,"Medium Risk","High Value"
16327,"United Kingdom",16,10731.34,2009-12-14,2011-11-25,14,Active,"High Value"
16168,"United Kingdom",66,10636.47,2009-12-03,2011-11-29,10,Active,"High Value"
13324,"United Kingdom",18,10513.47,2010-05-25,2011-11-03,36,"Low Risk","High Value"
15290,"United Kingdom",26,10496.28,2010-02-24,2011-12-05,4,Active,"High Value"
16782,"United Kingdom",38,10438.41,2009-12-09,2011-11-29,10,Active,"High Value"
14028,"United Kingdom",3,10396.5,2010-06-07,2010-06-07,550,"High Risk","High Value"
15296,"United Kingdom",12,10342.83,2010-01-21,2011-10-20,50,"Medium Risk","High Value"
14422,"United Kingdom",19,10271.52,2009-12-17,2011-12-09,0,Active,"High Value"
15719,"United Kingdom",31,10223.06,2009-12-01,2011-11-07,32,"Low Risk","High Value"
17160,"United Kingdom",17,10209.16,2009-12-04,2011-11-08,31,"Low Risk","High Value"
15805,"United Kingdom",30,10189.23,2009-12-10,2011-11-16,23,"Low Risk","High Value"
13599,"United Kingdom",33,10167.63,2009-12-01,2011-12-08,1,Active,"High Value"
15547,"United Kingdom",26,10154.39,2009-12-06,2011-12-02,7,Active,"High Value"
14085,"United Kingdom",33,10104.97,2009-12-08,2011-12-07,2,Active,"High Value"
12839,"United Kingdom",26,10071.73,2009-12-07,2011-12-07,2,Active,"High Value"
12766,Portugal,9,10068.28,2010-10-28,2011-12-06,3,Active,"High Value"
13985,"United Kingdom",22,10020.86,2010-02-09,2011-12-05,4,Active,"High Value"
16353,"United Kingdom",38,9999.46,2009-12-07,2011-12-06,3,Active,"High Value"
14755,"United Kingdom",25,9972.55,2009-12-03,2011-11-30,9,Active,"High Value"
16182,"United Kingdom",9,9971.65,2010-03-09,2011-09-28,72,"Medium Risk","High Value"
18260,"United Kingdom",23,9962.11,2009-12-15,2011-06-20,172,"High Risk","High Value"
14101,"United Kingdom",13,9961.93,2010-03-28,2011-09-27,73,"Medium Risk","High Value"
16131,"United Kingdom",12,9957.42,2009-12-02,2011-10-19,51,"Medium Risk","High Value"
17049,"United Kingdom",19,9947.48,2010-03-04,2011-12-07,2,Active,"High Value"
14329,"United Kingdom",15,9927.22,2009-12-16,2011-11-22,17,Active,"High Value"
17230,"United Kingdom",18,9924.95,2009-12-08,2011-03-20,264,"High Risk","High Value"
16701,"United Kingdom",26,9916.73,2009-12-01,2011-12-01,8,Active,"High Value"
12758,Portugal,7,9903.24,2009-12-01,2011-08-15,116,"High Risk","High Value"
18109,"United Kingdom",38,9893.96,2010-07-01,2011-12-08,1,Active,"High Value"
13327,"United Kingdom",20,9879.48,2009-12-18,2011-11-01,38,"Low Risk","High Value"
12590,Germany,2,9864.26,2011-05-12,2011-05-12,211,"High Risk","High Value"
14828,"United Kingdom",13,9839.46,2009-12-07,2011-05-27,196,"High Risk","High Value"
12490,France,21,9823.64,2009-12-01,2011-12-04,5,Active,"High Value"
13735,"United Kingdom",13,9813.22,2009-12-13,2011-11-15,24,"Low Risk","High Value"
14944,"United Kingdom",19,9784.67,2010-02-17,2011-11-10,29,"Low Risk","High Value"
17306,"United Kingdom",21,9782.35,2010-11-01,2011-11-29,10,Active,"High Value"
13018,"United Kingdom",35,9763.16,2010-03-01,2011-11-23,16,Active,"High Value"
13267,"United Kingdom",36,9758.26,2009-12-07,2011-12-07,2,Active,"High Value"
13069,"United Kingdom",38,9683.13,2010-06-14,2011-12-09,0,Active,"High Value"
12380,Belgium,11,9676.3,2010-02-15,2011-11-18,21,"Low Risk","High Value"
17315,"United Kingdom",43,9650.6,2010-09-27,2011-12-08,1,Active,"High Value"
14135,"United Kingdom",24,9643.92,2009-12-02,2011-12-08,1,Active,"High Value"
17811,"United Kingdom",47,9609.8,2010-09-20,2011-12-05,4,Active,"High Value"
17504,"United Kingdom",18,9565.12,2010-02-08,2011-05-17,206,"High Risk","High Value"
14091,"United Kingdom",2,9530.08,2010-01-10,2010-02-23,654,"High Risk","High Value"
14060,"United Kingdom",30,9519.08,2010-03-11,2011-12-05,4,Active,"High Value"
13999,"United Kingdom",29,9502.26,2009-12-05,2011-11-29,10,Active,"High Value"
13174,"United Kingdom",12,9494.84,2009-12-04,2011-11-23,16,Active,"High Value"
15298,"United Kingdom",23,9459.37,2009-12-08,2011-12-07,2,Active,"High Value"
14146,"United Kingdom",12,9450.3,2010-01-13,2011-12-01,8,Active,"High Value"
15727,"United Kingdom",15,9445.51,2010-01-24,2011-11-23,16,Active,"High Value"
14439,Greece,5,9443.04,2010-01-21,2011-01-24,319,"High Risk","High Value"
16550,"United Kingdom",18,9435.13,2009-12-02,2011-08-23,108,"High Risk","High Value"
17757,"United Kingdom",56,9422.45,2010-01-13,2011-12-08,1,Active,"High Value"
13758,"United Kingdom",15,9416.98,2009-12-01,2011-11-28,11,Active,"High Value"
15981,"United Kingdom",21,9362.77,2010-03-29,2011-11-15,24,"Low Risk","High Value"
15570,"United Kingdom",25,9311.04,2010-03-28,2011-12-02,7,Active,"High Value"
12747,"United Kingdom",26,9276.54,2009-12-07,2011-12-07,2,Active,"High Value"
13162,"United Kingdom",16,9275.49,2009-12-04,2011-08-09,122,"High Risk","High Value"
15249,"United Kingdom",18,9266,2010-03-26,2011-11-08,31,"Low Risk","High Value"
14367,"United Kingdom",16,9261.52,2011-03-08,2011-12-01,8,Active,"High Value"
13448,"United Kingdom",13,9240.87,2009-12-06,2011-11-23,16,Active,"High Value"
14292,"United Kingdom",16,9226.25,2010-03-19,2011-12-02,7,Active,"High Value"
13756,"United Kingdom",23,9207.5,2009-12-15,2011-12-07,2,Active,"High Value"
15260,"United Kingdom",25,9188.23,2009-12-06,2011-08-31,100,"High Risk","High Value"
16700,"United Kingdom",25,9167.71,2009-12-02,2011-12-01,8,Active,"High Value"
17068,"United Kingdom",47,9161.08,2010-03-28,2011-11-27,12,Active,"High Value"
16709,"United Kingdom",14,9087.46,2009-12-09,2011-09-16,84,"Medium Risk","High Value"
15867,"United Kingdom",31,9063.95,2009-12-14,2011-12-04,5,Active,"High Value"
15939,"United Kingdom",16,9060.39,2010-11-30,2011-09-11,89,"Medium Risk","High Value"
17576,"United Kingdom",41,9056.81,2009-12-03,2011-12-01,8,Active,"High Value"
12755,Japan,11,9030.66,2010-01-15,2011-03-04,280,"High Risk","High Value"
16186,"United Kingdom",26,9026.11,2009-12-09,2011-11-17,22,"Low Risk","High Value"
15150,"United Kingdom",13,9001.08,2010-06-14,2011-11-22,17,Active,"High Value"
13555,"United Kingdom",13,8999.19,2010-01-19,2011-09-27,73,"Medium Risk","High Value"
16722,"United Kingdom",22,8989.08,2009-12-03,2011-11-22,17,Active,"High Value"
15903,"United Kingdom",12,8939.84,2010-01-14,2011-11-30,9,Active,"High Value"
12359,Cyprus,10,8935.94,2009-12-05,2011-10-13,57,"Medium Risk","High Value"
13269,"United Kingdom",28,8891.7,2009-12-02,2011-12-08,1,Active,"High Value"
14709,"United Kingdom",25,8886.33,2009-12-05,2011-11-24,15,Active,"High Value"
17396,"United Kingdom",14,8807.1,2010-09-24,2011-10-31,39,"Low Risk","High Value"
13047,"United Kingdom",24,8795.16,2009-12-16,2011-11-08,31,"Low Risk","High Value"
15984,"United Kingdom",30,8759.32,2009-12-01,2011-12-07,2,Active,"High Value"
16532,"United Kingdom",5,8756.64,2010-03-29,2011-11-22,17,Active,"High Value"
18041,"United Kingdom",38,8752.38,2010-01-14,2011-11-28,11,Active,"High Value"
12957,"United Kingdom",13,8706.97,2009-12-11,2011-11-30,9,Active,"High Value"
13263,"United Kingdom",39,8704.69,2010-10-22,2011-12-08,1,Active,"High Value"
15955,"United Kingdom",22,8658.36,2010-02-23,2011-11-15,24,"Low Risk","High Value"
15497,"United Kingdom",9,8657.39,2009-12-18,2011-11-22,17,Active,"High Value"
13148,"United Kingdom",26,8621.81,2009-12-07,2011-11-10,29,"Low Risk","High Value"
16945,"United Kingdom",33,8548.16,2009-12-09,2011-11-18,21,"Low Risk","High Value"
15281,"United Kingdom",16,8543.57,2010-10-08,2011-10-12,58,"Medium Risk","High Value"
15270,"United Kingdom",21,8524.86,2009-12-17,2011-11-24,15,Active,"High Value"
15786,"United Kingdom",5,8514.82,2010-06-21,2011-10-24,46,"Medium Risk","High Value"
12798,Japan,4,8510.93,2010-10-14,2011-11-29,10,Active,"High Value"
13209,"United Kingdom",13,8509.51,2010-01-24,2011-11-09,30,"Low Risk","High Value"
13715,"United Kingdom",17,8483.29,2010-03-11,2011-03-03,281,"High Risk","High Value"
14286,"United Kingdom",7,8479.76,2009-12-04,2011-11-16,23,"Low Risk","High Value"
18139,"United Kingdom",6,8438.34,2011-11-21,2011-11-22,17,Active,"High Value"
14160,"United Kingdom",7,8421.47,2010-01-10,2010-04-08,610,"High Risk","High Value"
14057,"United Kingdom",22,8408.84,2009-12-03,2011-11-16,23,"Low Risk","High Value"
13206,"United Kingdom",13,8377.32,2009-12-07,2010-11-04,400,"High Risk","High Value"
17611,"United Kingdom",28,8371.98,2009-12-01,2011-12-02,7,Active,"High Value"
14676,"United Kingdom",12,8356.79,2010-03-10,2011-11-08,31,"Low Risk","High Value"
12643,France,12,8350.42,2010-04-07,2011-08-03,128,"High Risk","High Value"
12637,France,12,8340.31,2010-06-14,2011-10-03,67,"Medium Risk","High Value"
15034,"United Kingdom",14,8313.4,2010-05-11,2011-11-24,15,Active,"High Value"
15998,"United Kingdom",16,8308.34,2009-12-01,2011-11-03,36,"Low Risk","High Value"
17686,"United Kingdom",9,8296.81,2010-06-24,2011-12-02,7,Active,"High Value"
14030,"United Kingdom",20,8262.29,2009-12-10,2011-11-21,18,Active,"High Value"
12720,Germany,30,8260.67,2010-07-21,2011-12-07,2,Active,"High Value"
14525,"United Kingdom",17,8240.64,2009-12-13,2011-11-20,19,Active,"High Value"
17365,"United Kingdom",15,8224.98,2010-02-01,2011-11-27,12,Active,"High Value"
13381,"United Kingdom",12,8224.37,2009-12-01,2011-11-08,31,"Low Risk","High Value"
14056,"United Kingdom",23,8214.65,2011-02-28,2011-12-08,1,Active,"High Value"
14395,"United Kingdom",20,8208.01,2010-04-18,2011-12-07,2,Active,"High Value"
13139,"United Kingdom",8,8202.98,2010-09-28,2011-11-23,16,Active,"High Value"
13426,"United Kingdom",22,8167.38,2009-12-09,2011-12-09,0,Active,"High Value"
15544,"United Kingdom",20,8162.43,2010-01-28,2011-11-30,9,Active,"High Value"
16672,"United Kingdom",20,8134.94,2011-03-18,2011-12-07,2,Active,"High Value"
12431,Australia,21,8125.54,2010-03-04,2011-11-04,35,"Low Risk","High Value"
13869,"United Kingdom",10,8111.57,2010-01-17,2011-08-08,123,"High Risk","High Value"
17593,"United Kingdom",11,8095.8,2009-12-04,2011-12-06,3,Active,"High Value"
17426,"United Kingdom",13,8077.77,2010-02-17,2011-12-01,8,Active,"High Value"
16767,"United Kingdom",15,8073.8,2010-04-28,2011-11-09,30,"Low Risk","High Value"
16670,"United Kingdom",20,8030.15,2009-12-10,2011-11-23,16,Active,"High Value"
16556,"United Kingdom",17,8012.58,2009-12-07,2011-10-04,66,"Medium Risk","High Value"
15299,"United Kingdom",10,7991.54,2010-01-12,2011-10-03,67,"Medium Risk","High Value"
12428,Finland,9,7956.46,2011-03-01,2011-11-14,25,"Low Risk","High Value"
14159,"United Kingdom",20,7938.01,2009-12-03,2011-11-20,19,Active,"High Value"
16303,"United Kingdom",7,7928.27,2010-03-18,2011-11-14,25,"Low Risk","High Value"
12867,"United Kingdom",13,7913.29,2009-12-16,2011-11-13,26,"Low Risk","High Value"
14291,"United Kingdom",23,7904.1,2009-12-09,2011-12-08,1,Active,"High Value"
17085,"United Kingdom",28,7891.41,2009-12-06,2011-08-08,123,"High Risk","High Value"
13871,"United Kingdom",17,7885.85,2009-12-20,2011-11-17,22,"Low Risk","High Value"
12757,Portugal,13,7857.1,2011-05-12,2011-11-24,15,Active,"High Value"
15622,"United Kingdom",17,7852.61,2010-03-04,2011-10-27,43,"Low Risk","High Value"
14282,"United Kingdom",25,7849.66,2010-02-15,2011-12-06,3,Active,"High Value"
15046,"United Kingdom",25,7812.39,2010-01-14,2011-11-30,9,Active,"High Value"
17091,"United Kingdom",19,7811.1,2009-12-16,2011-12-07,2,Active,"High Value"
16592,"United Kingdom",28,7807.91,2009-12-18,2011-12-05,4,Active,"High Value"
15581,"United Kingdom",38,7794.59,2009-12-02,2011-08-11,120,"High Risk","High Value"
17409,"United Kingdom",10,7793.51,2009-12-11,2011-06-08,184,"High Risk","High Value"
17238,"United Kingdom",32,7783.1,2009-12-01,2011-12-07,2,Active,"High Value"
14800,"United Kingdom",17,7774.32,2010-09-30,2011-10-23,47,"Medium Risk","High Value"
17730,"United Kingdom",20,7773.8,2010-04-29,2011-12-06,3,Active,"High Value"
17739,"United Kingdom",18,7730.59,2009-12-07,2011-11-28,11,Active,"High Value"
13534,"United Kingdom",35,7720.9,2010-07-07,2011-12-07,2,Active,"High Value"
14688,"United Kingdom",28,7713.57,2010-09-09,2011-12-02,7,Active,"High Value"
13137,"United Kingdom",16,7712.7,2010-07-25,2011-11-29,10,Active,"High Value"
17696,"United Kingdom",27,7679.59,2009-12-10,2011-11-01,38,"Low Risk","High Value"
14175,"United Kingdom",8,7678.88,2010-03-22,2011-10-11,59,"Medium Risk","High Value"
13141,"United Kingdom",17,7668.58,2009-12-09,2011-09-16,84,"Medium Risk","High Value"
15301,"United Kingdom",17,7603.44,2010-09-15,2011-10-20,50,"Medium Risk","High Value"
14145,"United Kingdom",7,7600.05,2010-04-08,2011-10-24,46,"Medium Risk","High Value"
13709,"United Kingdom",18,7591.75,2010-01-11,2011-12-06,3,Active,"High Value"
13373,"United Kingdom",6,7587.19,2009-12-06,2011-10-10,60,"Medium Risk","High Value"
12841,"United Kingdom",40,7540.68,2010-07-08,2011-12-05,4,Active,"High Value"
15179,"United Kingdom",13,7491.92,2009-12-03,2011-11-21,18,Active,"High Value"
13815,Germany,8,7475.74,2010-02-12,2011-11-17,22,"Low Risk","High Value"
16242,"United Kingdom",14,7474.4,2010-03-15,2011-12-01,8,Active,"High Value"
17602,"United Kingdom",14,7451.13,2010-03-30,2011-12-07,2,Active,"High Value"
17690,"United Kingdom",20,7448.1,2010-02-03,2011-11-09,30,"Low Risk","High Value"
16570,"United Kingdom",20,7434.31,2010-03-30,2011-11-24,15,Active,"High Value"
14243,"United Kingdom",17,7431.05,2010-08-20,2011-12-01,8,Active,"High Value"
13082,"United Kingdom",21,7335.75,2009-12-22,2011-08-05,126,"High Risk","High Value"
16253,"United Kingdom",7,7310.15,2009-12-08,2011-10-04,66,"Medium Risk","High Value"
17965,"United Kingdom",29,7240.98,2009-12-14,2011-11-02,37,"Low Risk","High Value"
16729,"United Kingdom",21,7239.92,2011-04-12,2011-11-01,38,"Low Risk","High Value"
14092,"United Kingdom",24,7229.45,2009-12-16,2011-12-02,7,Active,"High Value"
17231,"United Kingdom",25,7197.04,2009-12-07,2011-11-27,12,Active,"High Value"
16745,"United Kingdom",17,7194.3,2011-02-01,2011-09-14,86,"Medium Risk","High Value"
12712,Germany,21,7193.66,2009-12-09,2011-11-11,28,"Low Risk","High Value"
13451,"United Kingdom",11,7190.92,2010-03-21,2011-11-13,26,"Low Risk","High Value"
15950,"United Kingdom",10,7180.71,2010-01-26,2011-11-08,31,"Low Risk","High Value"
14841,"United Kingdom",14,7163,2009-12-02,2011-10-17,53,"Medium Risk","High Value"
13983,"United Kingdom",21,7108.45,2009-12-09,2011-11-10,29,"Low Risk","High Value"
15521,"United Kingdom",16,7106.69,2010-01-05,2011-10-30,40,"Low Risk","High Value"
17769,"United Kingdom",17,7103.08,2010-01-19,2011-11-27,12,Active,"High Value"
14113,"United Kingdom",16,7092.61,2009-12-08,2011-12-06,3,Active,"High Value"
12429,Denmark,7,7047.93,2010-06-11,2011-11-30,9,Active,"High Value"
16938,"United Kingdom",9,7043.18,2010-02-17,2011-12-01,8,Active,"High Value"
13183,"United Kingdom",15,7036.18,2010-03-14,2011-12-02,7,Active,"High Value"
17975,"United Kingdom",24,7028.83,2010-08-06,2011-11-24,15,Active,"High Value"
13831,"United Kingdom",18,7023.58,2009-12-10,2011-11-23,16,Active,"High Value"
12662,Germany,20,6988.02,2010-04-01,2011-12-09,0,Active,"High Value"
16717,"United Kingdom",14,6986.23,2009-12-07,2011-11-16,23,"Low Risk","High Value"
13552,"United Kingdom",22,6978.92,2010-02-19,2011-10-04,66,"Medium Risk","High Value"
15674,"United Kingdom",13,6948.23,2009-12-08,2011-09-27,73,"Medium Risk","High Value"
16265,"United Kingdom",12,6935.17,2010-10-28,2011-11-30,9,Active,"High Value"
16187,"United Kingdom",15,6911.44,2011-02-28,2011-11-08,31,"Low Risk","High Value"
13520,Switzerland,11,6909.4,2009-12-17,2011-10-12,58,"Medium Risk","High Value"
12749,"United Kingdom",9,6897.36,2010-07-06,2011-12-06,3,Active,"High Value"
18231,"United Kingdom",28,6880.97,2010-01-10,2011-05-31,192,"High Risk","High Value"
16170,"United Kingdom",20,6869,2010-02-18,2011-10-20,50,"Medium Risk","High Value"
16456,"United Kingdom",13,6862.91,2010-03-29,2011-09-01,99,"High Risk","High Value"
15129,"United Kingdom",23,6860.18,2010-04-08,2011-10-20,50,"Medium Risk","High Value"
16401,"United Kingdom",23,6849.15,2010-06-02,2011-12-08,1,Active,"High Value"
12613,Germany,10,6835.07,2009-12-14,2011-10-13,57,"Medium Risk","High Value"
12830,"United Kingdom",6,6814.64,2011-06-21,2011-11-02,37,"Low Risk","High Value"
16145,"United Kingdom",19,6805.44,2010-05-04,2011-12-01,8,Active,"High Value"
15413,"United Kingdom",5,6798.72,2009-12-01,2010-01-17,691,"High Risk","High Value"
15750,"United Kingdom",18,6797.19,2009-12-01,2011-12-07,2,Active,"High Value"
14401,"United Kingdom",22,6795.9,2009-12-14,2011-12-05,4,Active,"High Value"
13993,"United Kingdom",19,6775.71,2009-12-03,2011-10-28,42,"Low Risk","High Value"
14702,"United Kingdom",29,6754.22,2009-12-10,2011-12-08,1,Active,"High Value"
18118,"United Kingdom",29,6733.22,2010-11-23,2011-11-29,10,Active,"High Value"
14562,"United Kingdom",26,6729.4,2010-02-07,2011-12-06,3,Active,"High Value"
17838,"United Kingdom",13,6722.9,2010-03-19,2011-11-13,26,"Low Risk","High Value"
12779,Poland,14,6722.27,2009-12-03,2011-11-02,37,"Low Risk","High Value"
14461,"United Kingdom",13,6713.5,2010-01-18,2011-07-14,148,"High Risk","High Value"
15321,"United Kingdom",12,6709.73,2010-02-03,2011-09-30,70,"Medium Risk","High Value"
14844,"United Kingdom",10,6702.43,2010-04-12,2011-10-07,63,"Medium Risk","High Value"
13734,"United Kingdom",4,6701.64,2010-04-16,2010-07-19,508,"High Risk","High Value"
14388,"United Kingdom",16,6701,2010-01-20,2011-11-29,10,Active,"High Value"
12913,"United Kingdom",13,6700.86,2009-12-01,2011-12-05,4,Active,"High Value"
16497,"United Kingdom",23,6695.28,2009-12-03,2011-10-21,49,"Medium Risk","High Value"
13384,"United Kingdom",11,6680.83,2010-07-27,2011-11-09,30,"Low Risk","High Value"
17700,"United Kingdom",14,6679.97,2009-12-01,2011-11-23,16,Active,"High Value"
17001,"United Kingdom",19,6640.8,2010-03-25,2011-12-09,0,Active,"High Value"
13953,"United Kingdom",12,6640.68,2009-12-11,2011-12-02,7,Active,"High Value"
14440,"United Kingdom",13,6638.73,2009-12-02,2011-12-01,8,Active,"High Value"
13394,"United Kingdom",19,6621.7,2009-12-01,2011-12-08,1,Active,"High Value"
12626,Germany,9,6620.48,2011-01-17,2011-11-16,23,"Low Risk","High Value"
17819,"United Kingdom",12,6612.52,2009-12-13,2011-09-29,71,"Medium Risk","High Value"
15514,"United Kingdom",18,6598.55,2009-12-04,2011-11-27,12,Active,"High Value"
15980,"United Kingdom",7,6593.68,2010-06-01,2011-09-12,88,"Medium Risk","High Value"
12843,"United Kingdom",30,6588.41,2009-12-13,2011-10-05,65,"Medium Risk","High Value"
13015,"United Kingdom",11,6586.42,2010-04-15,2011-10-17,53,"Medium Risk","High Value"
12836,"United Kingdom",15,6585.62,2009-12-01,2011-10-11,59,"Medium Risk","High Value"
13883,"United Kingdom",15,6560.02,2009-12-08,2011-11-29,10,Active,"High Value"
14766,"United Kingdom",11,6556.13,2010-06-06,2011-12-01,8,Active,"High Value"
15332,Lithuania,6,6553.74,2010-07-14,2010-12-08,366,"High Risk","High Value"
16655,"United Kingdom",13,6548.37,2010-01-31,2011-11-22,17,Active,"High Value"
14855,"United Kingdom",7,6520.3,2010-04-08,2011-08-12,119,"High Risk","High Value"
14221,"United Kingdom",17,6517.49,2010-04-06,2011-10-28,42,"Low Risk","High Value"
17873,"United Kingdom",18,6515.88,2009-12-16,2011-09-20,80,"Medium Risk","High Value"
12823,"United Kingdom",18,6501.5,2010-01-29,2011-09-26,74,"Medium Risk","High Value"
17419,"United Kingdom",18,6500.52,2010-01-25,2011-11-28,11,Active,"High Value"
18061,"United Kingdom",28,6488.97,2009-12-04,2011-11-18,21,"Low Risk","High Value"
13317,"United Kingdom",19,6486.09,2009-12-13,2011-10-04,66,"Medium Risk","High Value"
14154,"United Kingdom",8,6460.7,2010-01-13,2011-04-14,239,"High Risk","High Value"
16940,"United Kingdom",8,6427.66,2009-12-08,2011-10-18,52,"Medium Risk","High Value"
15673,"United Kingdom",9,6414.79,2010-02-22,2011-09-12,88,"Medium Risk","High Value"
12656,France,8,6407.83,2010-05-26,2011-11-22,17,Active,"High Value"
14390,"United Kingdom",13,6399.83,2010-10-10,2011-11-29,10,Active,"High Value"
18094,"United Kingdom",13,6391.52,2010-01-07,2011-09-19,81,"Medium Risk","High Value"
12406,Denmark,5,6390.36,2010-01-11,2011-11-17,22,"Low Risk","High Value"
12356,Portugal,6,6373.68,2010-10-11,2011-11-17,22,"Low Risk","High Value"
12484,Spain,12,6370.15,2010-01-27,2011-11-07,32,"Low Risk","High Value"
14227,"United Kingdom",15,6368.71,2010-02-08,2011-11-13,26,"Low Risk","High Value"
13230,"United Kingdom",30,6360.78,2010-03-18,2011-12-05,4,Active,"High Value"
13590,"United Kingdom",18,6349.59,2009-12-01,2011-11-28,11,Active,"High Value"
16710,"United Kingdom",22,6349.09,2009-12-04,2011-11-20,19,Active,"High Value"
17799,"United Kingdom",20,6341.89,2009-12-13,2011-11-17,22,"Low Risk","High Value"
18245,"United Kingdom",20,6324.98,2010-03-08,2011-12-02,7,Active,"High Value"
14180,"United Kingdom",33,6319.25,2010-06-09,2011-11-29,10,Active,"High Value"
13654,"United Kingdom",11,6308,2009-12-02,2011-10-27,43,"Low Risk","High Value"
15480,Malta,5,6279,2010-02-01,2011-08-15,116,"High Risk","High Value"
13136,"United Kingdom",13,6274.56,2009-12-08,2011-10-14,56,"Medium Risk","High Value"
13615,"United Kingdom",8,6272.53,2010-01-28,2011-01-25,318,"High Risk","High Value"
14534,"United Kingdom",26,6271.11,2010-03-15,2011-12-07,2,Active,"High Value"
16735,"United Kingdom",14,6270.56,2009-12-08,2011-09-22,78,"Medium Risk","High Value"
13334,"United Kingdom",5,6263.75,2010-02-25,2011-09-18,82,"Medium Risk","High Value"
14004,"United Kingdom",11,6258.45,2010-09-30,2011-10-27,43,"Low Risk","High Value"
15369,"United Kingdom",11,6251.26,2009-12-08,2010-08-04,492,"High Risk","High Value"
12497,Germany,3,6248.5,2010-03-05,2011-09-19,81,"Medium Risk","High Value"
16156,"United Kingdom",20,6218.18,2009-12-02,2011-12-01,8,Active,"High Value"
14530,"United Kingdom",16,6197.4,2010-01-21,2011-11-14,25,"Low Risk","High Value"
16103,"United Kingdom",22,6191.71,2010-01-08,2011-12-02,7,Active,"High Value"
12417,Belgium,18,6178.55,2009-12-06,2011-12-06,3,Active,"High Value"
14907,"United Kingdom",16,6165.79,2010-04-16,2011-12-06,3,Active,"High Value"
14852,"United Kingdom",18,6147.18,2010-03-05,2011-10-12,58,"Medium Risk","High Value"
17669,"United Kingdom",10,6142.35,2010-04-01,2011-10-28,42,"Low Risk","High Value"
13266,"United Kingdom",19,6135.04,2009-12-17,2011-11-28,11,Active,"High Value"
13935,"United Kingdom",3,6116.92,2010-02-25,2010-04-22,596,"High Risk","High Value"
17509,"United Kingdom",8,6115.14,2011-10-07,2011-10-13,57,"Medium Risk","High Value"
14560,"United Kingdom",44,6114.03,2009-12-02,2011-12-02,7,Active,"High Value"
18178,"United Kingdom",11,6103.74,2010-02-18,2011-08-03,128,"High Risk","High Value"
16954,"United Kingdom",20,6081.88,2010-01-18,2011-12-09,0,Active,"High Value"
12664,Finland,11,6070.04,2009-12-13,2011-12-01,8,Active,"High Value"
17625,"United Kingdom",8,6067.8,2009-12-15,2011-11-21,18,Active,"High Value"
12835,"United Kingdom",41,6043.31,2009-12-03,2010-10-08,427,"High Risk","High Value"
14535,"United Kingdom",9,6030.73,2010-02-24,2011-10-10,60,"Medium Risk","High Value"
17644,"United Kingdom",20,6028.6,2010-02-16,2011-12-08,1,Active,"High Value"
13658,"United Kingdom",9,6025.5,2010-02-05,2011-11-30,9,Active,"High Value"
15372,"United Kingdom",8,6017.06,2010-02-14,2011-07-25,137,"High Risk","High Value"
15202,"United Kingdom",3,6001.49,2010-10-15,2010-10-15,420,"High Risk","High Value"
15755,"United Kingdom",17,5993.12,2009-12-04,2011-11-29,10,Active,"High Value"
14105,"United Kingdom",5,5988.83,2009-12-18,2011-04-14,239,"High Risk","High Value"
17457,"United Kingdom",14,5984.81,2009-12-07,2011-08-05,126,"High Risk","High Value"
17491,"United Kingdom",17,5981.07,2010-04-28,2011-12-08,1,Active,"High Value"
15785,"United Kingdom",16,5969.93,2009-12-15,2011-11-07,32,"Low Risk","High Value"
14918,"United Kingdom",9,5955.81,2010-04-08,2011-08-16,115,"High Risk","High Value"
12500,Germany,19,5955.21,2010-02-04,2011-11-16,23,"Low Risk","High Value"
14257,"United Kingdom",9,5954.45,2010-03-01,2011-10-06,64,"Medium Risk","High Value"
17685,"United Kingdom",12,5943.17,2010-02-11,2011-11-23,16,Active,"High Value"
15971,"United Kingdom",18,5902.83,2009-12-08,2011-11-22,17,Active,"High Value"
16011,"United Kingdom",29,5880.46,2009-12-01,2011-12-01,8,Active,"High Value"
18065,"United Kingdom",29,5866.63,2009-12-09,2011-12-04,5,Active,"High Value"
14210,"United Kingdom",16,5861.52,2010-01-06,2011-08-26,105,"High Risk","High Value"
17146,"United Kingdom",13,5860.24,2010-02-02,2011-08-26,105,"High Risk","High Value"
14112,"United Kingdom",13,5834.59,2010-02-23,2011-11-17,22,"Low Risk","High Value"
14189,"United Kingdom",16,5814.39,2010-11-16,2011-12-07,2,Active,"High Value"
13769,"United Kingdom",20,5800.42,2009-12-16,2011-12-07,2,Active,"High Value"
12910,"United Kingdom",13,5796.52,2010-03-28,2011-11-16,23,"Low Risk","High Value"
17069,"United Kingdom",14,5794.28,2009-12-03,2011-11-11,28,"Low Risk","High Value"
18075,"United Kingdom",20,5783.29,2010-07-29,2011-11-16,23,"Low Risk","High Value"
17672,"United Kingdom",7,5778.63,2010-01-26,2011-10-20,50,"Medium Risk","High Value"
15485,"United Kingdom",7,5771.51,2009-12-01,2011-11-09,30,"Low Risk","High Value"
14099,"United Kingdom",20,5765.71,2009-12-10,2011-11-23,16,Active,"High Value"
17863,"United Kingdom",12,5745.2,2010-02-25,2011-10-11,59,"Medium Risk","High Value"
16316,"United Kingdom",13,5744.91,2010-08-03,2011-10-06,64,"Medium Risk","High Value"
12615,France,8,5740.98,2010-03-18,2011-12-07,2,Active,"High Value"
13771,"United Kingdom",9,5728.82,2010-02-25,2011-10-06,64,"Medium Risk","High Value"
16458,"United Kingdom",30,5715.34,2010-05-26,2011-12-07,2,Active,"High Value"
13870,"United Kingdom",15,5712.08,2010-02-08,2011-12-07,2,Active,"High Value"
16409,"United Kingdom",12,5709.04,2009-12-13,2011-11-03,36,"Low Risk","High Value"
16607,"United Kingdom",25,5706.87,2010-04-29,2011-11-22,17,Active,"High Value"
16279,"United Kingdom",9,5705.08,2010-04-22,2011-11-18,21,"Low Risk","High Value"
17651,"United Kingdom",16,5703.52,2010-07-01,2011-11-28,11,Active,"High Value"
13157,"United Kingdom",9,5687.36,2010-03-08,2011-10-21,49,"Medium Risk","High Value"
12727,France,10,5679.53,2010-02-23,2011-11-29,10,Active,"High Value"
12633,Germany,7,5678.16,2010-07-02,2011-10-12,58,"Medium Risk","High Value"
13901,"United Kingdom",15,5676.34,2010-01-05,2011-09-28,72,"Medium Risk","High Value"
15628,"United Kingdom",17,5652.26,2009-12-13,2011-12-05,4,Active,"High Value"
16200,"United Kingdom",12,5643.45,2009-12-02,2011-12-05,4,Active,"High Value"
13722,"United Kingdom",10,5635.41,2010-03-03,2011-07-31,131,"High Risk","High Value"
12347,Iceland,8,5633.32,2010-10-31,2011-12-07,2,Active,"High Value"
13842,"United Kingdom",18,5629.91,2010-02-16,2011-10-12,58,"Medium Risk","High Value"
16320,Unspecified,6,5628.99,2010-01-27,2011-06-20,172,"High Risk","High Value"
14249,"United Kingdom",12,5625.46,2010-01-29,2010-10-25,410,"High Risk","High Value"
18145,"United Kingdom",11,5617.79,2009-12-08,2011-11-27,12,Active,"High Value"
14572,"United Kingdom",11,5615.18,2010-03-28,2011-12-06,3,Active,"High Value"
16003,"United Kingdom",10,5613.83,2009-12-03,2011-11-10,29,"Low Risk","High Value"
16546,"United Kingdom",5,5606.47,2010-09-23,2011-02-22,290,"High Risk","High Value"
17059,"United Kingdom",9,5602.53,2010-01-26,2011-11-10,29,"Low Risk","High Value"
15898,"United Kingdom",25,5596.31,2009-12-11,2011-12-08,1,Active,"High Value"
17092,"United Kingdom",11,5594.96,2010-02-02,2011-10-20,50,"Medium Risk","High Value"
15854,"United Kingdom",21,5583.81,2009-12-10,2011-12-05,4,Active,"High Value"
15228,"United Kingdom",6,5580.27,2010-07-28,2011-10-04,66,"Medium Risk","High Value"
17203,"United Kingdom",10,5575.88,2010-11-16,2011-11-04,35,"Low Risk","High Value"
15527,"United Kingdom",23,5575.64,2009-12-15,2011-11-21,18,Active,"High Value"
16393,"United Kingdom",23,5561.66,2009-12-01,2011-12-07,2,Active,"High Value"
13593,"United Kingdom",14,5523.69,2010-03-02,2011-08-23,108,"High Risk","High Value"
14732,"United Kingdom",19,5517.07,2009-12-09,2011-12-01,8,Active,"High Value"
17204,"United Kingdom",9,5504.69,2010-06-10,2011-06-17,175,"High Risk","High Value"
13115,"United Kingdom",10,5494.7,2010-04-19,2011-11-28,11,Active,"High Value"
16609,"United Kingdom",7,5493.46,2011-04-01,2011-11-24,15,Active,"High Value"
16992,"United Kingdom",13,5476.5,2010-02-11,2011-11-29,10,Active,"High Value"
17512,"United Kingdom",18,5467.82,2009-12-10,2011-11-11,28,"Low Risk","High Value"
12480,Germany,7,5464.85,2010-07-20,2011-11-11,28,"Low Risk","High Value"
18198,"United Kingdom",17,5425.56,2011-01-07,2011-12-05,4,Active,"High Value"
14713,"United Kingdom",21,5418.87,2009-12-03,2011-11-30,9,Active,"High Value"
12378,Switzerland,2,5416.32,2010-05-26,2011-08-02,129,"High Risk","High Value"
14626,"United Kingdom",11,5410.92,2009-12-10,2011-11-16,23,"Low Risk","High Value"
17719,"United Kingdom",15,5396.04,2011-03-29,2011-11-02,37,"Low Risk","High Value"
17612,"United Kingdom",18,5394.86,2009-12-17,2011-10-17,53,"Medium Risk","High Value"
13362,"United Kingdom",7,5394.07,2010-10-10,2011-11-30,9,Active,"High Value"
16008,"United Kingdom",15,5384.13,2010-03-19,2011-11-16,23,"Low Risk","High Value"
13014,"United Kingdom",11,5381.08,2010-10-03,2011-11-29,10,Active,"High Value"
14459,"United Kingdom",2,5375.74,2010-02-26,2011-07-07,155,"High Risk","High Value"
13495,"United Kingdom",10,5374.26,2009-12-07,2011-12-02,7,Active,"High Value"
14081,"United Kingdom",10,5370.1,2009-12-10,2011-02-10,302,"High Risk","High Value"
14442,"Channel Islands",7,5367.02,2010-01-18,2011-05-19,204,"High Risk","High Value"
13975,"United Kingdom",12,5358.84,2010-02-02,2011-11-08,31,"Low Risk","High Value"
12362,Belgium,11,5356.23,2009-12-01,2011-12-06,3,Active,"High Value"
17567,"United Kingdom",9,5356.03,2010-09-24,2011-12-02,7,Active,"High Value"
15641,"United Kingdom",12,5345.55,2009-12-06,2011-08-26,105,"High Risk","High Value"
17346,"United Kingdom",26,5323,2010-04-18,2011-12-06,3,Active,"High Value"
12708,Germany,18,5314.1,2009-12-18,2011-11-10,29,"Low Risk","High Value"
17584,"United Kingdom",6,5309.42,2010-01-25,2011-12-02,7,Active,"High Value"
15394,"United Kingdom",11,5286.8,2009-12-15,2011-11-30,9,Active,"High Value"
15152,"United Kingdom",14,5263.83,2010-01-07,2011-11-30,9,Active,"High Value"
15722,"United Kingdom",11,5258.1,2010-03-09,2011-11-04,35,"Low Risk","High Value"
13931,"United Kingdom",11,5257.38,2009-12-03,2011-09-05,95,"High Risk","High Value"
13107,"United Kingdom",9,5253.07,2010-02-04,2011-10-26,44,"Low Risk","High Value"
14930,"Channel Islands",6,5246.63,2010-04-12,2011-08-23,108,"High Risk","High Value"
16931,"United Kingdom",23,5233.62,2010-11-07,2011-12-04,5,Active,"High Value"
17061,"United Kingdom",11,5232.23,2011-04-21,2011-09-27,73,"Medium Risk","High Value"
15606,"United Kingdom",17,5230.99,2010-03-02,2011-10-09,61,"Medium Risk","High Value"
13763,"United Kingdom",3,5217.44,2010-09-30,2011-10-07,63,"Medium Risk","High Value"
17084,"United Kingdom",3,5202.97,2010-11-08,2011-11-04,35,"Low Risk","High Value"
15812,"United Kingdom",12,5201.47,2009-12-15,2011-08-24,107,"High Risk","High Value"
14546,"United Kingdom",11,5197.9,2009-12-06,2011-12-04,5,Active,"High Value"
17213,"United Kingdom",13,5182.3,2009-12-15,2011-10-30,40,"Low Risk","High Value"
12510,Spain,9,5178.02,2009-12-04,2011-07-20,142,"High Risk","High Value"
15443,"United Kingdom",14,5175.93,2010-03-07,2011-12-08,1,Active,"High Value"
15796,"United Kingdom",17,5175.83,2010-03-31,2011-12-08,1,Active,"High Value"
17663,"United Kingdom",17,5175.83,2010-03-04,2011-11-14,25,"Low Risk","High Value"
12625,Germany,4,5164.88,2010-04-22,2011-05-12,211,"High Risk","High Value"
17157,"United Kingdom",19,5151.9,2009-12-04,2011-12-02,7,Active,"High Value"
16153,"United Kingdom",11,5133.49,2010-05-26,2011-10-21,49,"Medium Risk","High Value"
16904,"United Kingdom",21,5132.37,2010-10-24,2011-12-05,4,Active,"High Value"
14493,"United Kingdom",10,5130.15,2010-03-08,2011-12-02,7,Active,"High Value"
17861,"United Kingdom",18,5127.69,2009-12-10,2011-12-06,3,Active,"High Value"
16919,"United Kingdom",24,5125.91,2010-08-19,2011-07-06,156,"High Risk","High Value"
12483,Sweden,19,5120.58,2010-01-31,2011-11-22,17,Active,"High Value"
16308,"United Kingdom",7,5120,2009-12-15,2011-11-02,37,"Low Risk","High Value"
13329,"United Kingdom",8,5112.97,2009-12-04,2011-11-08,31,"Low Risk","High Value"
12455,Cyprus,6,5111.99,2009-12-18,2011-02-17,295,"High Risk","High Value"
15529,"United Kingdom",12,5111.95,2010-11-10,2011-11-17,22,"Low Risk","High Value"
17519,"United Kingdom",15,5109.47,2009-12-01,2011-11-22,17,Active,"High Value"
13523,"United Kingdom",6,5101.52,2010-11-02,2011-11-06,33,"Low Risk","High Value"
17402,"United Kingdom",23,5096.18,2009-12-16,2011-12-05,4,Active,"High Value"
12594,Italy,15,5090.11,2010-03-03,2011-11-02,37,"Low Risk","High Value"
15367,"United Kingdom",11,5081.33,2009-12-10,2011-10-13,57,"Medium Risk","High Value"
13634,"United Kingdom",16,5073.47,2010-01-10,2011-11-06,33,"Low Risk","High Value"
14307,"United Kingdom",10,5071.03,2009-12-07,2011-09-12,88,"Medium Risk","High Value"
16686,"United Kingdom",16,5070.92,2009-12-06,2011-10-23,47,"Medium Risk","High Value"
12395,Belgium,15,5067.27,2010-04-16,2011-11-20,19,Active,"High Value"
12432,Norway,5,5059.32,2011-06-20,2011-10-28,42,"Low Risk","High Value"
18144,"United Kingdom",19,5058,2009-12-16,2011-12-02,7,Active,"High Value"
17802,"United Kingdom",10,5053.12,2009-12-13,2011-09-18,82,"Medium Risk","High Value"
17469,"United Kingdom",17,5051.25,2009-12-16,2011-11-23,16,Active,"High Value"
12600,Germany,21,5043.92,2009-12-07,2011-11-11,28,"Low Risk","High Value"
16905,"United Kingdom",17,5034.15,2009-12-10,2011-12-04,5,Active,"High Value"
12759,Netherlands,8,5020.74,2009-12-04,2011-10-18,52,"Medium Risk","High Value"
17758,"United Kingdom",12,5012.53,2010-05-20,2011-11-20,19,Active,"High Value"
12444,Norway,5,5005.46,2011-06-21,2011-11-18,21,"Low Risk","High Value"
14209,"United Kingdom",15,4993.27,2010-01-22,2011-11-29,10,Active,"High Value"
14639,"United Kingdom",9,4978.96,2010-02-16,2011-10-18,52,"Medium Risk","High Value"
13198,"United Kingdom",8,4974.23,2010-10-01,2011-11-29,10,Active,"High Value"
12562,France,9,4966.92,2010-09-30,2011-12-01,8,Active,"High Value"
17449,"United Kingdom",13,4951.15,2009-12-09,2011-12-07,2,Active,"High Value"
12700,France,4,4939.99,2011-05-08,2011-12-02,7,Active,"High Value"
14825,"United Kingdom",24,4925.08,2010-04-06,2011-12-06,3,Active,"High Value"
17596,"United Kingdom",13,4920.67,2009-12-15,2011-11-16,23,"Low Risk","High Value"
14970,"United Kingdom",12,4919.35,2010-02-14,2011-10-02,68,"Medium Risk","High Value"
16143,"United Kingdom",12,4910.83,2009-12-10,2011-12-06,3,Active,"High Value"
16255,"United Kingdom",15,4906.8,2010-01-24,2011-11-23,16,Active,"High Value"
17406,"United Kingdom",13,4905.05,2009-12-06,2011-01-10,333,"High Risk","High Value"
17314,"United Kingdom",17,4904.43,2009-12-03,2011-11-15,24,"Low Risk","High Value"
13659,"United Kingdom",12,4894.88,2010-02-17,2011-05-18,205,"High Risk","High Value"
16986,"United Kingdom",11,4888.75,2010-02-04,2011-11-10,29,"Low Risk","High Value"
13021,"United Kingdom",17,4887.24,2009-12-05,2011-12-05,4,Active,"High Value"
15379,"United Kingdom",8,4877.84,2010-11-04,2011-06-23,169,"High Risk","High Value"
14107,"United Kingdom",11,4877.3,2009-12-09,2011-10-19,51,"Medium Risk","High Value"
12688,Israel,1,4873.81,2011-08-18,2011-08-18,113,"High Risk","High Value"
17652,"United Kingdom",12,4867.72,2011-03-03,2011-11-14,25,"Low Risk","High Value"
13044,"United Kingdom",11,4853.9,2010-01-08,2011-02-21,291,"High Risk","High Value"
14032,"United Kingdom",16,4850.27,2009-12-14,2011-12-07,2,Active,"High Value"
13562,"United Kingdom",8,4838.18,2010-01-14,2011-09-19,81,"Medium Risk","High Value"
17191,"United Kingdom",15,4836.05,2009-12-01,2011-11-11,28,"Low Risk","High Value"
16326,"United Kingdom",24,4826.99,2010-01-28,2011-12-04,5,Active,"High Value"
14191,"United Kingdom",15,4817.66,2009-12-11,2011-12-08,1,Active,"High Value"
15002,"United Kingdom",9,4817.28,2010-01-12,2011-08-16,115,"High Risk","High Value"
13875,"United Kingdom",14,4814.37,2009-12-17,2011-10-17,53,"Medium Risk","High Value"
13124,"United Kingdom",4,4782.45,2010-11-19,2011-09-11,89,"Medium Risk","High Value"
15187,"United Kingdom",16,4777.18,2011-05-11,2011-12-08,1,Active,"High Value"
13988,"United Kingdom",8,4757.8,2010-03-24,2011-11-20,19,Active,"High Value"
12955,"United Kingdom",11,4757.16,2011-03-17,2011-12-08,1,Active,"High Value"
17829,"United Arab Emirates",5,4756.74,2010-02-22,2011-02-14,298,"High Risk","High Value"
17082,"United Kingdom",6,4732.03,2009-12-15,2011-11-06,33,"Low Risk","High Value"
14235,"United Kingdom",9,4717.99,2010-03-30,2011-09-25,75,"Medium Risk","High Value"
15271,"United Kingdom",24,4709.54,2010-08-05,2011-12-02,7,Active,"High Value"
13958,"United Kingdom",8,4709.23,2009-12-05,2010-11-25,379,"High Risk","High Value"
12589,France,8,4695.66,2010-01-19,2011-11-11,28,"Low Risk","High Value"
17050,"United Kingdom",11,4691.79,2010-01-26,2011-09-04,96,"High Risk","High Value"
15410,"United Kingdom",10,4685.72,2010-04-19,2011-09-16,84,"Medium Risk","High Value"
13527,"United Kingdom",12,4683.74,2010-01-21,2011-11-06,33,"Low Risk","High Value"
17400,"United Kingdom",8,4677.05,2009-12-17,2011-08-05,126,"High Risk","High Value"
16858,"United Kingdom",10,4668.28,2009-12-15,2010-12-06,368,"High Risk","High Value"
13971,"United Kingdom",14,4667.57,2010-01-26,2011-11-21,18,Active,"High Value"
18097,"United Kingdom",11,4663.32,2009-12-17,2011-12-02,7,Active,"High Value"
16293,"United Kingdom",15,4657.95,2009-12-11,2011-11-18,21,"Low Risk","High Value"
15123,"United Kingdom",5,4656.17,2010-03-16,2011-12-02,7,Active,"High Value"
15484,"United Kingdom",6,4656,2009-12-05,2011-12-08,1,Active,"High Value"
12916,"United Kingdom",7,4654.02,2010-01-24,2011-07-24,138,"High Risk","High Value"
14466,"United Kingdom",13,4646.9,2009-12-13,2011-11-10,29,"Low Risk","High Value"
12578,Italy,4,4642.45,2010-09-22,2011-11-18,21,"Low Risk","High Value"
17442,"United Kingdom",15,4620.3,2010-02-15,2011-11-03,36,"Low Risk","High Value"
14685,"United Kingdom",8,4619.79,2009-12-13,2010-05-12,576,"High Risk","High Value"
12782,Portugal,11,4618.24,2010-07-08,2011-12-05,4,Active,"High Value"
14441,"United Kingdom",11,4611.69,2010-01-18,2011-12-09,0,Active,"High Value"
15245,"United Kingdom",8,4610.84,2010-04-23,2011-07-28,134,"High Risk","High Value"
12553,France,12,4608.75,2010-10-12,2011-12-01,8,Active,"High Value"
13851,"United Kingdom",8,4606.46,2010-01-29,2011-09-05,95,"High Risk","High Value"
18257,"United Kingdom",12,4600.15,2010-02-18,2011-10-31,39,"Low Risk","High Value"
14514,"United Kingdom",9,4598.98,2009-12-13,2011-10-09,61,"Medium Risk","High Value"
17188,"United Kingdom",13,4592.93,2009-12-08,2011-11-28,11,Active,"High Value"
16125,"United Kingdom",14,4587.65,2009-12-14,2010-12-07,367,"High Risk","High Value"
17508,Greece,8,4579.23,2009-12-07,2011-03-04,280,"High Risk","High Value"
17754,"United Kingdom",13,4577.53,2009-12-11,2011-12-09,0,Active,"High Value"
15416,"United Kingdom",7,4572.82,2010-02-01,2011-10-06,64,"Medium Risk","High Value"
13491,"United Kingdom",27,4566.56,2009-12-07,2011-10-19,51,"Medium Risk","High Value"
14701,"United Kingdom",15,4562.09,2010-01-24,2011-11-29,10,Active,"High Value"
17613,"United Kingdom",14,4559.15,2011-02-07,2011-11-17,22,"Low Risk","High Value"
13510,"United Kingdom",11,4558.29,2009-12-21,2011-12-08,1,Active,"High Value"
15365,"United Kingdom",13,4557.13,2010-02-04,2011-11-14,25,"Low Risk","High Value"
14648,"United Kingdom",15,4546.86,2009-12-10,2010-10-19,416,"High Risk","High Value"
13571,"United Kingdom",26,4546.54,2009-12-08,2011-11-27,12,Active,"High Value"
18069,"United Kingdom",11,4540.56,2010-02-28,2011-11-13,26,"Low Risk","High Value"
12598,France,11,4534.09,2010-03-01,2011-11-30,9,Active,"High Value"
14001,"United Kingdom",9,4530.09,2010-08-03,2011-10-25,45,"Low Risk","High Value"
14290,"United Kingdom",8,4516.56,2009-12-08,2011-11-28,11,Active,"High Value"
17308,"United Kingdom",2,4511.76,2010-09-13,2010-11-11,393,"High Risk","High Value"
15680,"United Kingdom",10,4507.58,2009-12-02,2011-11-30,9,Active,"High Value"
15764,"United Kingdom",8,4503.08,2010-08-18,2011-09-12,88,"Medium Risk","High Value"
14625,"United Kingdom",11,4497.88,2009-12-16,2011-05-27,196,"High Risk","High Value"
15122,"United Kingdom",11,4497.47,2010-03-30,2011-08-17,114,"High Risk","High Value"
18064,"United Kingdom",11,4495.03,2010-02-01,2011-07-29,133,"High Risk","High Value"
17220,"United Kingdom",21,4481.75,2010-01-20,2011-11-15,24,"Low Risk","High Value"
16912,"United Kingdom",15,4480.31,2009-12-09,2011-11-11,28,"Low Risk","High Value"
12627,Germany,7,4478.53,2011-07-22,2011-11-29,10,Active,"High Value"
13435,"United Kingdom",9,4475.23,2010-07-27,2011-12-04,5,Active,"High Value"
14341,"United Kingdom",18,4467.32,2009-12-01,2011-10-25,45,"Low Risk","High Value"
16081,"United Kingdom",8,4460.18,2010-02-03,2011-10-14,56,"Medium Risk","High Value"
15240,"United Kingdom",12,4459.98,2009-12-05,2011-10-26,44,"Low Risk","High Value"
17682,"United Kingdom",11,4456.78,2010-03-08,2011-11-29,10,Active,"High Value"
18093,"United Kingdom",8,4452.71,2010-03-31,2011-09-07,93,"High Risk","High Value"
16098,"United Kingdom",14,4448.1,2009-12-15,2011-09-13,87,"Medium Risk","High Value"
13982,"United Kingdom",9,4445.59,2010-01-20,2011-10-31,39,"Low Risk","High Value"
16218,"United Kingdom",13,4439.97,2010-05-27,2011-11-10,29,"Low Risk","High Value"
17722,"United Kingdom",5,4430.36,2010-11-29,2011-09-04,96,"High Risk","High Value"
12349,Italy,4,4428.69,2010-04-29,2011-11-21,18,Active,"High Value"
15845,"United Kingdom",11,4426.28,2010-01-26,2011-11-22,17,Active,"High Value"
16563,"United Kingdom",6,4422.76,2009-12-01,2011-10-17,53,"Medium Risk","High Value"
17412,"United Kingdom",16,4417.52,2009-12-02,2011-12-07,2,Active,"High Value"
17138,"United Kingdom",7,4417.27,2010-02-04,2011-03-09,275,"High Risk","High Value"
16626,"United Kingdom",17,4413.1,2011-03-18,2011-12-09,0,Active,"High Value"
16283,"United Kingdom",8,4403.82,2010-02-28,2011-12-04,5,Active,"High Value"
14211,"United Kingdom",18,4402.29,2009-12-09,2011-10-17,53,"Medium Risk","High Value"
15861,"United Kingdom",12,4401.79,2010-01-28,2011-11-27,12,Active,"High Value"
15203,"United Kingdom",15,4400.18,2009-12-08,2011-11-14,25,"Low Risk","High Value"
16150,"United Kingdom",10,4395.59,2009-12-17,2011-10-28,42,"Low Risk","High Value"
13505,Switzerland,4,4393.63,2011-04-21,2011-09-28,72,"Medium Risk","High Value"
13880,"United Kingdom",17,4391.66,2010-05-26,2011-11-18,21,"Low Risk","High Value"
16732,"United Kingdom",4,4387.64,2009-12-08,2011-11-08,31,"Low Risk","High Value"
16749,"United Kingdom",2,4387.08,2009-12-15,2010-04-27,591,"High Risk","High Value"
18272,"United Kingdom",9,4385.98,2010-03-04,2011-12-07,2,Active,"High Value"
16455,"United Kingdom",11,4384.37,2010-03-30,2011-10-07,63,"Medium Risk","High Value"
15708,"United Kingdom",9,4378.72,2010-10-10,2011-10-30,40,"Low Risk","High Value"
17372,"United Kingdom",28,4377.56,2009-12-03,2011-10-30,40,"Low Risk","High Value"
16118,"United Kingdom",1,4376.25,2010-02-25,2010-02-25,652,"High Risk","High Value"
12523,France,23,4372.15,2009-12-07,2011-11-20,19,Active,"High Value"
13297,"United Kingdom",7,4368.62,2010-06-15,2011-12-02,7,Active,"High Value"
12752,Norway,1,4366.78,2011-09-19,2011-09-19,81,"Medium Risk","High Value"
12917,"United Kingdom",6,4359.2,2009-12-09,2011-08-03,128,"High Risk","High Value"
14482,"United Kingdom",12,4357.91,2010-08-26,2011-11-21,18,Active,"High Value"
15633,"United Kingdom",13,4352.46,2009-12-08,2010-07-18,509,"High Risk","High Value"
12408,Belgium,8,4340.77,2010-07-29,2011-11-07,32,"Low Risk","High Value"
18077,"United Kingdom",18,4338.56,2009-12-07,2011-12-01,8,Active,"High Value"
16241,"United Kingdom",16,4329.31,2010-10-25,2011-11-30,9,Active,"High Value"
16072,"United Kingdom",4,4328.89,2010-06-08,2011-02-24,288,"High Risk","High Value"
14854,"United Kingdom",11,4322.86,2010-01-22,2011-09-22,78,"Medium Risk","High Value"
16477,"United Kingdom",11,4320.02,2010-08-12,2011-10-07,63,"Medium Risk","High Value"
14334,"United Kingdom",12,4318.48,2010-05-20,2011-11-23,16,Active,"High Value"
18259,"United Kingdom",7,4318.2,2009-12-08,2011-11-15,24,"Low Risk","High Value"
15493,"United Kingdom",9,4314.98,2010-02-23,2011-11-07,32,"Low Risk","High Value"
12967,"United Kingdom",3,4306.92,2010-11-21,2010-12-16,358,"High Risk","High Value"
12928,"United Kingdom",12,4304.89,2010-06-08,2011-11-04,35,"Low Risk","High Value"
17937,"United Kingdom",7,4301.22,2010-12-12,2011-12-01,8,Active,"High Value"
18230,"United Kingdom",9,4291.06,2010-07-02,2011-11-30,9,Active,"High Value"
17930,"United Kingdom",13,4275.22,2010-03-04,2011-11-04,35,"Low Risk","High Value"
16712,"United Kingdom",13,4266.99,2010-11-03,2011-11-30,9,Active,"High Value"
14239,"United Kingdom",21,4263.17,2009-12-05,2011-10-27,43,"Low Risk","High Value"
14047,"United Kingdom",14,4255.03,2010-02-01,2011-12-01,8,Active,"High Value"
16743,"United Kingdom",14,4253.26,2010-04-22,2011-11-10,29,"Low Risk","High Value"
12360,Austria,8,4252.89,2010-02-22,2011-10-18,52,"Medium Risk","High Value"
16571,"United Kingdom",10,4248.74,2010-03-18,2011-11-13,26,"Low Risk","High Value"
12935,"United Kingdom",15,4243.86,2010-04-11,2011-12-07,2,Active,"High Value"
18079,"United Kingdom",5,4242.75,2010-08-05,2011-10-25,45,"Low Risk","High Value"
17728,"United Kingdom",5,4238.76,2010-09-12,2011-12-06,3,Active,"High Value"
13911,"United Kingdom",20,4234.99,2010-03-01,2011-10-13,57,"Medium Risk","High Value"
16875,"United Kingdom",11,4234.53,2010-01-05,2011-10-03,67,"Medium Risk","High Value"
17673,"United Kingdom",13,4233.58,2010-03-19,2011-12-08,1,Active,"High Value"
15518,"United Kingdom",15,4218.94,2009-12-20,2011-10-06,64,"Medium Risk","High Value"
15752,"United Kingdom",9,4207.54,2010-09-08,2011-10-31,39,"Low Risk","High Value"
15804,"United Kingdom",13,4206.39,2011-05-25,2011-12-09,0,Active,"High Value"
15050,"United Kingdom",5,4193.79,2010-08-16,2011-11-14,25,"Low Risk","High Value"
17218,"United Kingdom",18,4192.68,2010-01-25,2011-12-05,4,Active,"High Value"
14868,"United Kingdom",12,4184.01,2010-10-15,2011-12-06,3,Active,"High Value"
17738,"United Kingdom",13,4183.56,2010-03-19,2011-11-20,19,Active,"High Value"
18287,"United Kingdom",7,4182.99,2010-05-17,2011-10-28,42,"Low Risk","High Value"
17526,"United Kingdom",12,4166.04,2009-12-17,2011-12-05,4,Active,"High Value"
18194,"United Kingdom",6,4162.04,2010-01-28,2011-09-18,82,"Medium Risk","High Value"
14740,"United Kingdom",11,4161.06,2010-02-25,2011-05-26,197,"High Risk","High Value"
12653,Israel,3,4160.83,2010-07-01,2011-07-14,148,"High Risk","High Value"
13461,"United Kingdom",6,4160,2010-04-21,2011-11-01,38,"Low Risk","High Value"
17646,"United Kingdom",12,4149.79,2009-12-16,2011-05-04,219,"High Risk","High Value"
16209,"United Kingdom",9,4146.78,2010-06-11,2011-09-12,88,"Medium Risk","High Value"
12569,Germany,32,4124.69,2011-04-01,2011-12-07,2,Active,"High Value"
13450,"United Kingdom",13,4120.04,2010-04-15,2011-11-13,26,"Low Risk","High Value"
16928,"United Kingdom",29,4113.23,2010-02-03,2011-09-20,80,"Medium Risk","High Value"
17287,"United Kingdom",21,4111.96,2009-12-03,2011-11-13,26,"Low Risk","High Value"
14408,"United Kingdom",11,4109.77,2009-12-07,2011-11-29,10,Active,"High Value"
14878,"United Kingdom",25,4105.24,2010-02-21,2011-11-27,12,Active,"High Value"
13421,"United Kingdom",8,4103.12,2010-02-14,2011-10-30,40,"Low Risk","High Value"
14566,"Channel Islands",4,4092,2010-06-24,2011-08-21,110,"High Risk","High Value"
13048,"United Kingdom",9,4084.21,2010-01-27,2011-11-25,14,Active,"High Value"
12876,Belgium,4,4081.79,2010-04-28,2011-10-13,57,"Medium Risk","High Value"
15024,"United Kingdom",16,4075.51,2010-10-11,2011-11-30,9,Active,"High Value"
17618,"United Kingdom",11,4073.24,2010-01-24,2011-12-04,5,Active,"High Value"
14913,"United Kingdom",8,4073.13,2010-08-11,2011-11-04,35,"Low Risk","High Value"
15572,"United Kingdom",10,4068.67,2010-04-14,2011-12-05,4,Active,"High Value"
12371,Switzerland,5,4067.38,2010-03-04,2011-10-26,44,"Low Risk","High Value"
12449,Belgium,4,4067.29,2011-06-05,2011-11-17,22,"Low Risk","High Value"
14025,"United Kingdom",8,4057.9,2010-05-05,2010-09-01,464,"High Risk","High Value"
15571,"United Kingdom",14,4051.63,2009-12-06,2011-11-28,11,Active,"High Value"
17083,"United Kingdom",9,4049.79,2010-02-09,2011-08-22,109,"High Risk","High Value"
17211,"United Kingdom",13,4046.65,2009-12-13,2011-11-13,26,"Low Risk","High Value"
12840,"United Kingdom",7,4041.97,2010-02-03,2011-07-19,143,"High Risk","High Value"
16791,"United Kingdom",15,4038.69,2009-12-03,2011-11-10,29,"Low Risk","High Value"
14824,"United Kingdom",10,4022.91,2010-03-12,2011-11-29,10,Active,"High Value"
15665,"United Kingdom",5,4015.12,2010-03-14,2011-06-24,168,"High Risk","High Value"
12726,France,11,4014.6,2010-03-25,2011-11-11,28,"Low Risk","High Value"
15782,"United Kingdom",4,4014.1,2010-10-05,2011-11-30,9,Active,"High Value"
12721,France,8,4013.08,2010-08-25,2011-11-08,31,"Low Risk","High Value"
17019,"United Kingdom",11,4012.2,2009-12-02,2011-11-28,11,Active,"High Value"
13895,"United Kingdom",6,4008.52,2009-12-03,2011-11-11,28,"Low Risk","High Value"
14547,"United Kingdom",8,4007.54,2011-10-16,2011-12-06,3,Active,"High Value"
13542,"United Kingdom",17,4006.17,2009-12-10,2010-11-28,376,"High Risk","High Value"
16841,"United Kingdom",12,4006.06,2010-01-12,2011-11-03,36,"Low Risk","High Value"
17307,"United Kingdom",11,3999.89,2010-01-19,2010-11-09,395,"High Risk","High Value"
13126,"United Kingdom",13,3998.25,2010-03-02,2011-12-05,4,Active,"High Value"
16719,"United Kingdom",14,3973.3,2009-12-13,2011-11-25,14,Active,"High Value"
16771,"United Kingdom",10,3967.6,2009-12-09,2011-11-06,33,"Low Risk","High Value"
17954,"United Kingdom",19,3966.05,2009-12-09,2011-12-04,5,Active,"High Value"
15858,"United Kingdom",13,3960.37,2009-12-10,2011-11-24,15,Active,"High Value"
14817,"United Kingdom",7,3959.86,2010-03-22,2011-05-23,200,"High Risk","High Value"
15983,"United Kingdom",8,3958.82,2009-12-06,2011-11-17,22,"Low Risk","High Value"
17667,"United Kingdom",9,3950.7,2010-02-23,2011-10-04,66,"Medium Risk","High Value"
14465,"United Kingdom",11,3946.03,2010-01-07,2011-04-07,246,"High Risk","High Value"
12473,Germany,5,3938.55,2011-06-01,2011-11-10,29,"Low Risk","High Value"
15051,"United Kingdom",9,3935.16,2009-12-01,2011-11-16,23,"Low Risk","High Value"
15819,"United Kingdom",10,3934.79,2010-03-18,2011-10-21,49,"Medium Risk","High Value"
13037,"United Kingdom",12,3914.95,2009-12-03,2011-07-24,138,"High Risk","High Value"
14498,"United Kingdom",10,3911.27,2010-06-07,2011-10-28,42,"Low Risk","High Value"
12853,"United Kingdom",11,3907.5,2010-02-05,2011-07-28,134,"High Risk","High Value"
15696,"United Kingdom",13,3906.57,2010-01-24,2011-11-06,33,"Low Risk","High Value"
13995,"United Kingdom",14,3902.01,2009-12-18,2011-11-24,15,Active,"High Value"
12388,Australia,8,3901.11,2010-05-06,2011-11-24,15,Active,"High Value"
15823,"United Kingdom",3,3897.17,2009-12-08,2010-12-02,372,"High Risk","High Value"
15811,"United Kingdom",7,3890.52,2010-11-16,2011-11-17,22,"Low Risk","High Value"
12358,Austria,5,3887.07,2009-12-08,2011-12-08,1,Active,"High Value"
14744,"United Kingdom",14,3885.08,2010-05-18,2011-11-23,16,Active,"High Value"
15288,"United Kingdom",10,3883.13,2010-02-12,2011-10-27,43,"Low Risk","High Value"
13446,"United Kingdom",11,3881.89,2010-02-14,2010-10-05,430,"High Risk","High Value"
14655,"United Kingdom",7,3878.51,2010-04-22,2011-12-01,8,Active,"High Value"
15067,"United Kingdom",5,3877.88,2010-04-11,2011-09-22,78,"Medium Risk","High Value"
18073,"United Kingdom",12,3877.52,2011-05-26,2011-08-17,114,"High Risk","High Value"
15195,"United Kingdom",1,3861,2011-12-07,2011-12-07,2,Active,"High Value"
14565,"United Kingdom",5,3859.22,2010-08-23,2011-09-05,95,"High Risk","High Value"
14532,"United Kingdom",11,3859.18,2010-01-10,2011-04-17,236,"High Risk","High Value"
16440,"United Kingdom",6,3856.97,2010-08-03,2011-12-02,7,Active,"High Value"
16057,"United Kingdom",10,3854.85,2010-01-07,2011-11-23,16,Active,"High Value"
13213,"United Kingdom",11,3851.52,2010-05-20,2011-10-14,56,"Medium Risk","High Value"
16341,"United Kingdom",7,3850.79,2010-04-09,2011-11-15,24,"Low Risk","High Value"
16466,"United Kingdom",15,3838.59,2010-03-07,2011-11-06,33,"Low Risk","High Value"
13357,"United Kingdom",5,3838.36,2010-03-22,2011-03-27,257,"High Risk","High Value"
17659,"United Kingdom",14,3834.79,2010-11-18,2011-11-22,17,Active,"High Value"
13481,"United Kingdom",11,3830.84,2009-12-04,2011-10-25,45,"Low Risk","High Value"
15704,"United Kingdom",6,3817.96,2010-05-05,2011-07-22,140,"High Risk","High Value"
12597,Spain,4,3811.22,2011-03-16,2011-11-20,19,Active,"High Value"
15421,"United Kingdom",10,3805.34,2009-12-07,2011-10-12,58,"Medium Risk","High Value"
16636,"United Kingdom",4,3802.04,2010-03-03,2010-09-27,438,"High Risk","High Value"
17071,"United Kingdom",13,3801.2,2010-01-24,2011-11-11,28,"Low Risk","High Value"
16128,"United Kingdom",11,3801.05,2010-07-16,2011-11-22,17,Active,"High Value"
14540,"United Kingdom",11,3795.34,2009-12-07,2011-11-30,9,Active,"High Value"
15827,"United Kingdom",28,3794.07,2010-01-08,2011-09-27,73,"Medium Risk","High Value"
16950,"United Kingdom",10,3784.37,2010-01-24,2011-10-14,56,"Medium Risk","High Value"
12619,Germany,10,3781.38,2010-05-28,2011-11-23,16,Active,"High Value"
14309,"United Kingdom",11,3780.81,2010-06-07,2011-12-01,8,Active,"High Value"
15494,"United Kingdom",5,3780.05,2009-12-10,2011-11-18,21,"Low Risk","High Value"
14649,"United Kingdom",9,3775.31,2010-01-20,2011-12-05,4,Active,"High Value"
17293,"United Kingdom",17,3774.23,2009-12-03,2011-12-01,8,Active,"High Value"
15834,"United Kingdom",7,3772.99,2010-10-11,2011-09-30,70,"Medium Risk","High Value"
15532,"United Kingdom",10,3771.9,2010-06-08,2011-11-14,25,"Low Risk","High Value"
18168,"United Kingdom",16,3770.27,2009-12-03,2011-06-16,176,"High Risk","High Value"
15079,"United Kingdom",11,3767.35,2009-12-08,2011-05-11,212,"High Risk","High Value"
17173,"United Kingdom",8,3766.6,2011-07-31,2011-12-04,5,Active,"High Value"
12670,France,7,3760.29,2010-02-11,2011-11-29,10,Active,"High Value"
12530,Germany,9,3759.26,2010-03-07,2011-10-11,59,"Medium Risk","High Value"
17096,"United Kingdom",11,3759.18,2010-06-02,2011-11-24,15,Active,"High Value"
17553,"United Kingdom",4,3757.6,2010-04-08,2011-08-02,129,"High Risk","High Value"
14409,"United Kingdom",9,3756.09,2010-05-21,2011-09-29,71,"Medium Risk","High Value"
13305,"United Kingdom",16,3754.71,2010-03-10,2011-12-05,4,Active,"High Value"
14515,"United Kingdom",12,3749.26,2010-06-07,2011-11-22,17,Active,"High Value"
12623,Germany,7,3747.84,2010-01-12,2011-03-08,276,"High Risk","High Value"
15370,"United Kingdom",8,3739.01,2010-10-25,2011-10-30,40,"Low Risk","High Value"
15351,"United Kingdom",10,3738.29,2010-10-03,2011-11-27,12,Active,"High Value"
16539,"United Kingdom",10,3732.01,2010-06-25,2011-12-07,2,Active,"High Value"
15255,"United Kingdom",9,3729.42,2009-12-03,2011-10-04,66,"Medium Risk","High Value"
12502,Spain,5,3723.87,2011-02-03,2011-09-05,95,"High Risk","High Value"
16772,"United Kingdom",3,3723.55,2009-12-18,2010-10-12,423,"High Risk","High Value"
16240,"United Kingdom",2,3718.8,2011-09-23,2011-11-15,24,"Low Risk","High Value"
14364,"United Kingdom",8,3717.35,2011-05-12,2011-08-23,108,"High Risk","High Value"
14593,"United Kingdom",12,3712.01,2009-12-09,2011-11-18,21,"Low Risk","High Value"
12737,France,2,3710.5,2010-07-29,2010-07-29,498,"High Risk","High Value"
16983,"United Kingdom",11,3710.22,2010-09-19,2011-11-27,12,Active,"High Value"
14776,"United Kingdom",15,3708.3,2010-09-19,2011-10-19,51,"Medium Risk","High Value"
16094,"United Kingdom",11,3695.56,2010-04-16,2011-11-28,11,Active,"High Value"
12857,"United Kingdom",6,3688,2010-01-25,2011-05-13,210,"High Risk","High Value"
12872,"United Kingdom",12,3685.49,2009-12-03,2011-01-17,326,"High Risk","High Value"
12468,Germany,5,3670.74,2010-01-26,2011-06-05,187,"High Risk","High Value"
15953,"United Kingdom",18,3669.55,2009-12-03,2011-11-24,15,Active,"High Value"
14640,"United Kingdom",10,3667.06,2010-01-22,2011-11-15,24,"Low Risk","High Value"
16444,"United Kingdom",17,3656.58,2010-03-24,2011-10-24,46,"Medium Risk","High Value"
17655,"United Kingdom",9,3652.48,2010-10-19,2011-11-29,10,Active,"High Value"
14857,"United Kingdom",7,3651.85,2010-03-15,2011-10-11,59,"Medium Risk","High Value"
17848,"United Kingdom",30,3650.9,2009-12-06,2011-09-19,81,"Medium Risk","High Value"
13632,"United Kingdom",8,3648.15,2010-04-07,2011-11-15,24,"Low Risk","High Value"
16718,"United Kingdom",5,3647.53,2009-12-06,2010-12-05,369,"High Risk","High Value"
17063,"United Kingdom",13,3638.53,2009-12-01,2011-11-18,21,"Low Risk","High Value"
14770,"United Kingdom",8,3637.64,2010-02-25,2011-04-21,232,"High Risk","High Value"
16748,"United Kingdom",14,3637.33,2009-12-10,2011-11-22,17,Active,"High Value"
16053,"United Kingdom",6,3634.84,2010-04-08,2011-11-07,32,"Low Risk","High Value"
17528,"United Kingdom",8,3628.5,2011-09-29,2011-12-08,1,Active,"High Value"
14882,"United Kingdom",14,3628.15,2010-03-30,2011-11-13,26,"Low Risk","High Value"
14653,"United Kingdom",12,3614.54,2009-12-02,2011-12-08,1,Active,"High Value"
16503,"United Kingdom",11,3614.34,2010-06-21,2011-08-25,106,"High Risk","High Value"
15505,"United Kingdom",5,3610.96,2011-07-07,2011-10-18,52,"Medium Risk","High Value"
15113,"United Kingdom",3,3609.33,2011-10-16,2011-11-30,9,Active,"High Value"
15791,"United Kingdom",5,3608.34,2010-03-08,2011-10-27,43,"Low Risk","High Value"
18242,"United Kingdom",8,3605.21,2010-01-11,2011-09-28,72,"Medium Risk","High Value"
13750,"United Kingdom",11,3602.18,2010-04-01,2011-10-17,53,"Medium Risk","High Value"
12963,"United Kingdom",12,3601.59,2010-07-08,2011-12-01,8,Active,"High Value"
16325,"United Kingdom",12,3597.5,2009-12-04,2011-10-24,46,"Medium Risk","High Value"
17422,"United Kingdom",11,3594.76,2010-06-23,2011-11-23,16,Active,"High Value"
15569,"United Kingdom",10,3586.35,2010-02-28,2011-08-28,103,"High Risk","High Value"
14132,"United Kingdom",11,3586.03,2011-06-09,2011-12-07,2,Active,"High Value"
17679,"United Kingdom",7,3577.61,2009-12-03,2011-10-18,52,"Medium Risk","High Value"
17311,"United Kingdom",6,3566.56,2010-02-03,2011-09-22,78,"Medium Risk","High Value"
18219,"United Kingdom",17,3562.89,2009-12-07,2011-12-07,2,Active,"High Value"
14737,"United Kingdom",4,3554.17,2010-11-04,2011-12-06,3,Active,"High Value"
15222,"United Kingdom",11,3550.91,2009-12-16,2011-01-25,318,"High Risk","High Value"
14503,"United Kingdom",6,3543.26,2011-06-14,2011-12-06,3,Active,"High Value"
12645,Germany,8,3539.3,2010-02-09,2011-11-06,33,"Low Risk","High Value"
16395,"United Kingdom",14,3537.85,2009-12-06,2011-10-10,60,"Medium Risk","High Value"
17924,"United Kingdom",8,3536.7,2010-10-21,2011-11-28,11,Active,"High Value"
15059,"United Kingdom",19,3523.57,2009-12-06,2011-10-30,40,"Low Risk","High Value"
16336,"United Kingdom",4,3517.69,2010-03-18,2010-10-15,420,"High Risk","High Value"
16360,"United Kingdom",6,3512.53,2011-09-12,2011-12-05,4,Active,"High Value"
17768,"United Kingdom",7,3509.51,2009-12-02,2011-12-01,8,Active,"High Value"
16347,"United Kingdom",11,3509.41,2010-03-12,2011-11-28,11,Active,"High Value"
14898,"United Kingdom",14,3507.81,2009-12-03,2011-11-16,23,"Low Risk","High Value"
18044,"United Kingdom",18,3505.61,2010-05-28,2011-12-05,4,Active,"High Value"
14934,"Channel Islands",5,3503.5,2010-09-24,2011-09-19,81,"Medium Risk","High Value"
13929,"United Kingdom",11,3494.1,2010-01-14,2011-06-23,169,"High Risk","High Value"
13577,"United Kingdom",11,3489.28,2009-12-14,2011-11-14,25,"Low Risk","High Value"
15306,"United Kingdom",9,3484.73,2010-02-18,2011-10-06,64,"Medium Risk","High Value"
17597,"United Kingdom",5,3484.09,2010-05-05,2011-05-10,213,"High Risk","High Value"
12631,Finland,6,3481.57,2010-01-15,2011-10-13,57,"Medium Risk","High Value"
17913,"United Kingdom",14,3479.64,2009-12-03,2011-10-12,58,"Medium Risk","High Value"
15380,"United Kingdom",11,3479.06,2009-12-01,2011-12-01,8,Active,"High Value"
15712,"United Kingdom",12,3472.41,2009-12-01,2011-11-30,9,Active,"High Value"
13849,"United Kingdom",5,3469.3,2010-03-25,2011-10-19,51,"Medium Risk","High Value"
14533,"United Kingdom",11,3466.37,2010-04-08,2011-11-15,24,"Low Risk","High Value"
15356,"United Kingdom",13,3464.95,2010-10-13,2011-11-08,31,"Low Risk","High Value"
16271,"United Kingdom",10,3463.02,2010-03-07,2011-12-07,2,Active,"High Value"
